,id,iso_language_code,created_at,screen_name,text,location,favorite_count,retweet_count,queried_at
0,1310613632619884545,en,2020-09-28 16:13:34.000000,rts_rob,"One more reason I love @Blendle - does exactly this, with layouts the publishers provide. Fantastic experience. https://t.co/27hyMC9kuc",Hyrule,2,0,2020-09-28 19:07:25.524803
1,1310612742605279234,de,2020-09-28 16:10:02.000000,BlendleDE,"Zwei Generationen, eine Frage: Wie radikal muss Klimaprotest sein? Aus @sternde https://t.co/MpfGxk10YH https://t.co/hWdVBXssGw",Deutschland,0,0,2020-09-28 19:07:25.524821
2,1310603381942161409,nl,2020-09-28 15:32:50.000000,BlendleNL,"Heb jij vandaag iets gedaan? Zadie Smith en andere auteurs over het nut van iets of helemaal niets doen.

üëâ‚Ä¶ https://t.co/yp4sI8MRlS",Utrecht,0,0,2020-09-28 19:07:25.524830
3,1310602075227729920,nl,2020-09-28 15:27:39.000000,BlendleNL,"Victoria Koblenko probeert duurzamer te leven. ‚ÄòEerst hadden we een Porsche en een Jaguar, nu alleen √©√©n Tesla.‚Äô‚Ä¶ https://t.co/vvzuewFege",Utrecht,1,0,2020-09-28 19:07:25.524839
4,1310601028656660480,nl,2020-09-28 15:23:29.000000,BlendleNL,Er wordt 25 keer meer ge√Ønvesteerd in kankeronderzoek dan in onderzoek naar psychiatrische stoornissen. @EvaHoeke s‚Ä¶ https://t.co/ouAaDNOWfi,Utrecht,1,0,2020-09-28 19:07:25.524847
5,1310600411133423617,de,2020-09-28 15:21:02.000000,BlendleDE,18 Monate Mega-Recherche im Netzwerk der Neuen Rechten. Aus @focusonline https://t.co/G4vZoK2Bka https://t.co/8kCCPa6jss,Deutschland,1,0,2020-09-28 19:07:25.524856
6,1310600201212776448,nl,2020-09-28 15:20:12.000000,BlendleNL,"Internetuitvinder Tim Berners-Lee: ‚ÄòSinds het web bestaat, ben ik nog geen minuut ontspannen geweest‚Äô. @ddeckmyn in‚Ä¶ https://t.co/OZS7oT105t",Utrecht,1,1,2020-09-28 19:07:25.524864
7,1310595123986788353,nl,2020-09-28 15:00:01.000000,BlendleNL,Hoe het kan dat Belgi√´ er al zestien maanden over doet om een regering te vormen en waarom het een voorbeeld kan ne‚Ä¶ https://t.co/C9vYvbLj7C,Utrecht,0,0,2020-09-28 19:07:25.524889
8,1310590110514188293,nl,2020-09-28 14:40:06.000000,NHuigsloot,"Voor wie, net als ik, het liefst elke dag met Maarten van Rossem zou afspreken om de waan van de dag even in histor‚Ä¶ https://t.co/cwCbrZk9yZ",,2,0,2020-09-28 19:07:25.524899
9,1310585782118297601,de,2020-09-28 14:22:54.000000,Digitalnaiv,@klauseck Ich kann mit den konventionellen Abomodellen nichts anfangen. Das w√ºrde f√ºr mich viel zu teuer. Leider fu‚Ä¶ https://t.co/uL68qvzy0P,Darmstadt (Germany),1,0,2020-09-28 19:07:25.524909
10,1310549542270578689,en,2020-09-28 11:58:54.000000,joosterman,@BlendleNL was recently acquired by @cafeyn_fr and we are in need of an experienced Data Engineer. There are many s‚Ä¶ https://t.co/8HcYqyqNOL,Rotterdam,0,0,2020-09-28 19:07:25.524919
11,1310526587679518721,en,2020-09-28 10:27:41.000000,LoemieS,Lees dit artikel uit The Wall Street Journal: Are You a Gambler Or an Investor? https://t.co/sJLGkKnmo4,"Amsterdam, Nederland",0,0,2020-09-28 19:07:25.524944
12,1310526197760229377,en,2020-09-28 10:26:08.000000,LoemieS,Lees dit artikel uit Fortune: BILL GATES https://t.co/CyRilksuri,"Amsterdam, Nederland",0,0,2020-09-28 19:07:25.524952
13,1310515498963161088,de,2020-09-28 09:43:37.000000,MarcelErnst91,@mrohrlack Schon mal einen Blick auf Blendle geworfen?,,0,0,2020-09-28 19:07:25.524961
14,1310486522135826432,nl,2020-09-28 07:48:29.000000,Schellevis,Voor wie geen Blendle heeft maar wel een abonnement op een van de Persgroep-kranten: https://t.co/IaifjaJgaO,Nederland,4,2,2020-09-28 19:07:25.524969
15,1310484013354713088,nl,2020-09-28 07:38:31.000000,woukevscherrenb,In hotspot Haaksbergen werd zaterdag een druk bezochte modeshow in de drukke winkelstraat gehouden. De organisator‚Ä¶ https://t.co/JCb3Ghn1Ag,,4,7,2020-09-28 19:07:25.524977
16,1310469936293261312,nl,2020-09-28 06:42:34.000000,LydiaGS,"@talithamuusse @volkskrant Het is ""vrij"" beluisterbaar via bendle audio. https://t.co/yzIuMWnLJ0","Brabant-Noord, Nederland",0,0,2020-09-28 19:07:25.524985
17,1310466772638658560,nl,2020-09-28 06:30:00.000000,BlendleNL,"Katholiek, anti-abortus, pro-wapens en voor een streng immigratiebeleid: dit wordt misschien de nieuwe rechter van‚Ä¶ https://t.co/8NFUZFLNVp",Utrecht,0,0,2020-09-28 19:07:25.524994
18,1310459224187576322,nl,2020-09-28 06:00:00.000000,BlendleNL,De rechter die G√∂kmen T. levenslang achter de tralies heeft gezet blikt terug op de zaak: ‚ÄòDie minachting was voor‚Ä¶ https://t.co/HZccwqWBGq,Utrecht,1,2,2020-09-28 19:07:25.525002
19,1310447896777506816,nl,2020-09-28 05:15:00.000000,BlendleNL,"Samen strijden tegen corona? Daar zijn we te narcistisch voor, denkt columnist Sander Schimmelpenninck (‚Ä¶ https://t.co/wbWAs9keAM",Utrecht,15,3,2020-09-28 19:07:25.525010
20,1310440347206467584,nl,2020-09-28 04:45:00.000000,BlendleNL,"Van ‚Äòhonderden namen‚Äô naar d√© verdachte: vandaag komt Jos B. voor. @NielsKlaassen schrijft het op voor @ADnl. 

üëâ‚Ä¶ https://t.co/kNkigt4L7O",Utrecht,0,0,2020-09-28 19:07:25.525039
21,1310295112853970945,en,2020-09-27 19:07:53.000000,holofiche,Read this article from The New Yorker: MAN IN THE MIDDLE https://t.co/AkpngS9fig,,0,0,2020-09-28 19:07:25.525049
22,1310280483272523777,nl,2020-09-27 18:09:45.000000,BlendleNL,"üèÜ Vandaag werd dit stuk uit  @pshetparool het best gelezen op Blendle:

@SanderSchimmelp: ‚ÄòBij Op1 was geen ruimte‚Ä¶ https://t.co/SmPoWHWekJ",Utrecht,2,0,2020-09-28 19:07:25.525059
23,1310274400609079297,en,2020-09-27 17:45:35.000000,lizrenzetti,@snolen Blendle?,Toronto,0,0,2020-09-28 19:07:25.525083
24,1310258866924539905,pt,2020-09-27 16:43:51.000000,enriquejimenez,o @Blendle √© a melhor forma de voc√™ ler mat√©rias de sites com paywall de forma honesta - vc paga pela mat√©ria e n√£o‚Ä¶ https://t.co/3Z51O9w5kv,Brazil,7,0,2020-09-28 19:07:25.525092
25,1310252952687345664,de,2020-09-27 16:20:21.000000,monissen,Eine tolle und pragmatische Sichtweise auf #KI was sie kann und was sie nicht kann von einem der f√ºhrenden Speziali‚Ä¶ https://t.co/Wo0pwiBeW6,"Berlin, Deutschland",0,0,2020-09-28 19:07:25.525100
26,1310232735160635392,nl,2020-09-27 15:00:01.000000,BlendleNL,"Het leven is niet altijd even logisch voor iemand met autisme. Een hartverwarmend verhaal over verborgen talent, on‚Ä¶ https://t.co/EhBmzFsA6O",Utrecht,0,1,2020-09-28 19:07:25.525109
27,1310224176268144642,de,2020-09-27 14:26:01.000000,Inku_Lux,@PhilippeMajerus @forum_lu Ech verstinn Iech! Leider ass et net ganz ‚Äûpreiswert‚Äú fir esou 1 Funktioun anzebauen. Da‚Ä¶ https://t.co/HsgIehBPbJ,Luxembourg,2,0,2020-09-28 19:07:25.525136
28,1310210726003380224,nl,2020-09-27 13:32:34.000000,Hans_from_afar,Read this article from PS: 'Mijn grootste zorg was dat ik mezelf moest inleveren' https://t.co/jhrDMzJ1mj,,0,0,2020-09-28 19:07:25.525146
29,1310205828545347585,en,2020-09-27 13:13:06.000000,JJPeregrine,"@VulcanWarrior56 In other news, Charlie Hebdo was acquired by Edward Rothschild in 2014, just prior to the purporte‚Ä¶ https://t.co/jMYGWoNpUj",Siberian hinterland of Twitter,0,1,2020-09-28 19:07:25.525156
30,1310189757243240448,de,2020-09-27 12:09:14.000000,BjoernGehrmann,"Sind Reiche ehrlicher?
üëâ ""Der ohnehin schon hohe Gewinn machte die Versuchspersonen ehrlicher. Offenbar funktionier‚Ä¶ https://t.co/gJ2LXHTZZt",Berlin/Sion VS,1,0,2020-09-28 19:07:25.525166
31,1310167848040439808,nl,2020-09-27 10:42:11.000000,DickKraaij,Lees dit artikel uit PS van @parool: 'Mijn grootste zorg was dat ik mezelf moest inleveren' https://t.co/vOx2aFMgDM‚Ä¶ https://t.co/U9Cv53DIia,"Alphen aan den Rijn, Nederland",0,0,2020-09-28 19:07:25.525175
32,1310154771551129602,nl,2020-09-27 09:50:13.000000,MCleaver,@AlexanderNL Er was vroeger een manier om incidenteel artikelen te kopen van verschillende kranten/bladen. Help me‚Ä¶ https://t.co/L5a8083Ocg,"Amsterdam, The Netherlands",0,0,2020-09-28 19:07:25.525185
33,1310137810473619456,de,2020-09-27 08:42:49.000000,Sustoecker,"Ich habe den Artikelf√ºr 0,45‚Ç¨ auf @BlendleDE gelesen: Lohnt sich! üëçüèª
Der Tagesspiegel: ‚ÄûWir haben einen anstrengend‚Ä¶ https://t.co/kTBq26UbZU",Langen (Hessen),0,0,2020-09-28 19:07:25.525195
34,1310128039121039360,de,2020-09-27 08:04:00.000000,prokrastinix,"@frau_sam https://t.co/F64Tyxx7Yp Ich habe es allerdings nie selber probiert und kenne es nur vom H√∂rensagen. 

Hab‚Ä¶ https://t.co/yxhatrcQcn",üèö,1,0,2020-09-28 19:07:25.525205
35,1310113921534222337,nl,2020-09-27 07:07:54.000000,BoschRH,"‚Äú..zodra je automatisch gedrag loslaat, ontstaan verwarring, angst, verdriet. Het is alsof je nieuw land betreedt..‚Ä¶ https://t.co/NrnwmvhedL",,0,0,2020-09-28 19:07:25.525215
36,1310108726288945153,nl,2020-09-27 06:47:15.000000,Georgette1711,"Lees dit artikel uit De Standaard: Kan iets echt onbeschrijfelijk zijn? (Ja, dat kan!)  https://t.co/1NPz9MKOcA",,0,0,2020-09-28 19:07:25.525225
37,1310105399262146561,nl,2020-09-27 06:34:02.000000,RichardAbbenhu3,Lees dit artikel uit Knack: De beste filter blijkt een viscose dweil te zijn https://t.co/KmZAXm6Ahm,,1,1,2020-09-28 19:07:25.525235
38,1310104383355527171,nl,2020-09-27 06:30:00.000000,BlendleNL,"Homo-ontmoetingsplekken sluiten? Nou, nee: ‚ÄòZij kunnen dan nergens meer heen met hun gevoelens. Dat kan echt tot ze‚Ä¶ https://t.co/Hl8qyGD9QR",Utrecht,0,1,2020-09-28 19:07:25.525245
39,1310096836586336267,nl,2020-09-27 06:00:00.000000,BlendleNL,"Sander, Joost, Pim, Max en Mathijs: dit zijn de vijf surfers die voor de kust van Scheveningen door het noodlot wer‚Ä¶ https://t.co/MZPWVpr0Mu",Utrecht,1,0,2020-09-28 19:07:25.525255
40,1310085508933050380,nl,2020-09-27 05:15:00.000000,BlendleNL,"Je vrijwillig blootstellen aan covid-19, een vaccin in testfase of een placebo: duizenden mensen doen het; een noga‚Ä¶ https://t.co/LiGT0hrhA5",Utrecht,0,1,2020-09-28 19:07:25.525273
41,1310077959324053504,nl,2020-09-27 04:45:00.000000,BlendleNL,Sander Schimmelpenninck (@SanderSchimmelp): ‚ÄòBij Op1 was geen ruimte voor kritische geluiden‚Äô. @rockhuysen schrijft‚Ä¶ https://t.co/bmPnB26EPm,Utrecht,0,0,2020-09-28 19:07:25.525284
42,1309965924246663168,nl,2020-09-26 21:19:48.000000,tomsworld_be,@Pieterjanvl Ik hoopte dat het blendle verhaal zou doorbreken maar blijkbaar niet. Imho is er ook een probleem met‚Ä¶ https://t.co/WApY2SriB1,Belgi√´,0,0,2020-09-28 19:07:25.525295
43,1309965180307230720,nl,2020-09-26 21:16:51.000000,Pieterjanvl,"@tomsworld_be Blendle, waar je per artikel betaalt, kan daar een oplossing zijn. Zou dat ook liever doen. Maar ik b‚Ä¶ https://t.co/LdPUPYj6Zk","Aarschot, Belgi√´",0,0,2020-09-28 19:07:25.525305
44,1309905202733035522,en,2020-09-26 17:18:31.000000,mamanova,A Furry Lifesaver Working For Peanuts Gets His Due - The New York Times  https://t.co/sYwL8pQ6Ac,WGBH Boston,0,0,2020-09-28 19:07:25.525314
45,1309904771202060289,en,2020-09-26 17:16:48.000000,mamanova,A Furry Lifesaver Working For Peanuts Gets His Due - The New York Times - Blendle https://t.co/ZBKQH1AqrD,WGBH Boston,0,0,2020-09-28 19:07:25.525324
46,1309875247160713216,da,2020-09-26 15:19:29.000000,Max_Deforet,@maxloisel @hypernewsfr Et Blendle ?,"Paris, France",0,0,2020-09-28 19:07:25.525334
47,1309870346376482818,nl,2020-09-26 15:00:01.000000,BlendleNL,"Dit bedrijf ontwikkelt een vaccin dat geen antilichamen opwekt, maar een ‚Äòbacterie‚Äô het virus laat bestrijden. Joep‚Ä¶ https://t.co/XdELFI3uCw",Utrecht,0,0,2020-09-28 19:07:25.525345
48,1309863742323163136,nl,2020-09-26 14:33:46.000000,LindaMiriam,"Mooie column, @sheilasitalsing  Erger https://t.co/9U0U6AEBX1",Nederland,0,0,2020-09-28 19:07:25.525355
49,1309849042843828225,nl,2020-09-26 13:35:22.000000,BlendleNL,Nieuwe baan op de filmset: de social distancingmanager. ‚ÄòJe wil hier geen Grapperhausje.‚Äô @keesvanunen voor‚Ä¶ https://t.co/fOS3nSGoNX,Utrecht,0,0,2020-09-28 19:07:25.525365
50,1309848345339457537,nl,2020-09-26 13:32:35.000000,BlendleNL,"Zelfs @rufuswainwright wordt oud, maar gelukkig niet mild. ‚ÄòMeestal sta ik laat op met een erectie en een goed idee‚Ä¶ https://t.co/XzzZmlsmZd",Utrecht,0,0,2020-09-28 19:07:25.525374
51,1309847210075590657,nl,2020-09-26 13:28:05.000000,BlendleNL,"Chocolade, ijs of frietjes: waarom we allemaal naar eten grijpen als we een slechte dag hebben. @nijlb zocht het ui‚Ä¶ https://t.co/bupBn3vhM8",Utrecht,1,1,2020-09-28 19:07:25.525384
52,1309829991765549056,nl,2020-09-26 12:19:40.000000,sschouwenaars,Lees dit artikel uit de Volkskrant: Erger https://t.co/NvhyKnctlJ,Oostburg,0,0,2020-09-28 19:07:25.525395
53,1309824382601228291,en,2020-09-26 11:57:22.000000,holofiche,Read this article from The New York Times: Unforgettable Journey https://t.co/9qXKBCWeBt,,0,0,2020-09-28 19:07:25.525406
54,1309808363648299014,nl,2020-09-26 10:53:43.000000,upstairs60,Lees dit artikel uit De Standaard: ‚ÄòJe moet jezelf kunnen vergeven. Ik vrees dat dat de rest van mijn leven zal dur‚Ä¶ https://t.co/EFonECMUWC,Holland,0,0,2020-09-28 19:07:25.525432
55,1309800964795379712,en,2020-09-26 10:24:19.000000,msgrissi,Lesenswerter Artikel aus The New York Times: Trusty Wet Noses Sniff Out the Virus https://t.co/pDzK0XUzpe,,0,0,2020-09-28 19:07:25.525442
56,1309773267826335745,nl,2020-09-26 08:34:16.000000,BlendleNL,@Marijn_Prins Super vervelend! Kan je in onze dm even jouw mail sturen waarmee je Blendle leest? Dan kijken we met jou mee.,Utrecht,0,0,2020-09-28 19:07:25.525452
57,1309765835364458496,nl,2020-09-26 08:04:44.000000,sabinedewitte,"De vertrutting continues, zou toch denken dat een links bestuur dit stukje iconisch Amsterdam zou bewaren. Maar nee‚Ä¶ https://t.co/4YsQZF3v6z",Amsterdam,0,0,2020-09-28 19:07:25.525483
58,1309761914004811783,nl,2020-09-26 07:49:09.000000,rubenschulz,@HesterLoeff @nrc Jammer van de paywall... eens kijken of ie op Blendle staat,"Gorinchem, Netherlands",1,0,2020-09-28 19:07:25.525509
59,1309756165417562112,nl,2020-09-26 07:26:18.000000,walrusit,‚ÄúHet is beleid van een overheid die als de dood is om systeemverantwoordelijkheid te nemen!‚Äù Lees dit artikel uit d‚Ä¶ https://t.co/Ce3VWq1mCS,"Katwijk aan Zee, NL",0,0,2020-09-28 19:07:25.525520
60,1309755069429149701,nl,2020-09-26 07:21:57.000000,vittoriobusato,"Lees dit artikel uit Trouw: 'Het testbeleid is niet het probleem, dat is ons gedrag' https://t.co/AAdgP7iJRL",Amsterdam,0,0,2020-09-28 19:07:25.525530
61,1309750841251856385,nl,2020-09-26 07:05:09.000000,karslitjens,"Wat een starre man is meneer van Dissel. 

'Het testbeleid is niet het probleem, dat is ons gedrag' https://t.co/RnZwtx05xM","Rotterdam, The Netherlands",0,0,2020-09-28 19:07:25.525540
62,1309741996467077120,nl,2020-09-26 06:30:00.000000,BlendleNL,Wat kan Nederland leren van de Zweedse groepsimmuniteit? ‚ÄòIk ben optimistisch over de duur van de immuniteit‚Äô (‚Ä¶ https://t.co/xijwjl6a0M,Utrecht,0,0,2020-09-28 19:07:25.525550
63,1309735925874913281,nl,2020-09-26 06:05:53.000000,nicolieneb,Geef het ze niet! https://t.co/AkYCXfbOCA,Delfgauw / Rotterdam,0,0,2020-09-28 19:07:25.525560
64,1309734448976412672,nl,2020-09-26 06:00:00.000000,BlendleNL,‚ÄòEigen verantwoordelijkheid‚Äô: we horen het de godganse dag en @sheilasitalsing is er in deze messcherpe column he-l‚Ä¶ https://t.co/sHnqOkNwXd,Utrecht,0,0,2020-09-28 19:07:25.525570
65,1309723121042284544,nl,2020-09-26 05:15:00.000000,BlendleNL,"Zijn broer Nabil B. is kroongetuige in het Marengo-proces, zijn andere broer werd om die reden vermoord. ‚ÄòHoe kon d‚Ä¶ https://t.co/bNgSfNmUqe",Utrecht,1,0,2020-09-28 19:07:25.525580
66,1309715571316068352,nl,2020-09-26 04:45:00.000000,BlendleNL,Jaap van Dissel ziet nog steeds niets in een mondkapjesplicht. Joep Engels en @martenvdw schrijven het op in @trouw‚Ä¶ https://t.co/hh6SxiqDJl,Utrecht,1,0,2020-09-28 19:07:25.525590
67,1309600317986742273,nl,2020-09-25 21:07:01.000000,MD88HB,@HDDuurvoort Lees dit artikel uit Knack: De beste filter blijkt een viscose dweil te zijn https://t.co/RWXcKXeP96,,0,0,2020-09-28 19:07:25.525599
68,1309538274537504770,de,2020-09-25 17:00:29.000000,koysino,"Q: ""Jetzt ist er doch fertig"", Frankfurter Allgemeine Zeitung vom 25.09.2020

https://t.co/VA4GiGPvLM","Amsterdam, Niederlande",1,0,2020-09-28 19:07:25.525609
69,1309525593780826112,de,2020-09-25 16:10:06.000000,BlendleDE,Wann ist eine Frau Frau genug f√ºr den Leistungssport?. Aus @Tagesspiegel https://t.co/jQWH6bBJFV https://t.co/3NMjBTMI80,Deutschland,0,0,2020-09-28 19:07:25.525619
70,1309522447369203712,nl,2020-09-25 15:57:35.000000,Ranada1967,",,Er is een religie in Nederland en die is dat jeugdzorg alwetend is en √°ltijd gelijk heeft. Wie het daar niet mee‚Ä¶ https://t.co/5t3gObFFTJ","Amsterdam, Nederland",17,10,2020-09-28 19:07:25.525629
71,1309521084811808776,nl,2020-09-25 15:52:11.000000,Ranada1967,"Doorgaans wordt de visie van de RvdK/GI gevolgd. ,,Toen ik in een zitting aangaf dat de voogd loog zei de rechter:‚Ä¶ https://t.co/aOLPUIR4V9","Amsterdam, Nederland",7,5,2020-09-28 19:07:25.525639
72,1309513248882995201,de,2020-09-25 15:21:02.000000,BlendleDE,"40 Jahre nach dem Oktoberfest-Attentat: Eine Nacht, die das Leben so vieler ver√§nderte. Aus @SZ‚Ä¶ https://t.co/Rrr0P0WRPU",Deutschland,1,2,2020-09-28 19:07:25.525649
73,1309493573868564483,en,2020-09-25 14:02:51.000000,Transact_io,"@_KarenHao @paul_scharre Blendle was a boutique curator. They didn't allow fast, on-site purchases, &amp; then charged too much.","Santa Barbara, CA",0,0,2020-09-28 19:07:25.525661
74,1309491034813091842,en,2020-09-25 13:52:46.000000,ScottMonty,"@Dayngr @geneweingarten Try @Blendle - you pay just cents per article, and only the articles you want. They start y‚Ä¶ https://t.co/HYGY9gCW3s","Ann Arbor, MI",0,0,2020-09-28 19:07:25.525671
75,1309475685103267841,nl,2020-09-25 12:51:46.000000,eelcobvr,"Verslag doen van Trump = een mijnenveld, zeker in tijden van sociale protesten en BLM. Coverstory VN is ook te leze‚Ä¶ https://t.co/8IWisg4yaW",Amsterdam,17,2,2020-09-28 19:07:25.525681
76,1309449897645674503,nl,2020-09-25 11:09:18.000000,nieuwsselectie,Onbeperkt tijdschriften en het nieuws van alle k(r)anten. Probeer nu gratis: https://t.co/ZGrWV66GTy #blendle‚Ä¶ https://t.co/uNQ0p7Vg92,,0,0,2020-09-28 19:07:25.525691
77,1309430021241610242,nl,2020-09-25 09:50:19.000000,JnthnHndrckx,"@SirJelle @ArbiterOfTweets @kareldeweerdt Dat zou natuurlijk goed het geval kunnen zijn. Dat weet ik zelf niet, en‚Ä¶ https://t.co/SyTlDa4W8t","Antwerp, Belgium",1,0,2020-09-28 19:07:25.525701
78,1309423168675745793,en,2020-09-25 09:23:05.000000,EncountersWorld,"Holger Kansky reminds us that; ""We have had try outs for Spotify for news, and there are several magazines you can‚Ä¶ https://t.co/vSOBHyCxCa",France,1,0,2020-09-28 19:07:25.525711
79,1309422467274940417,nl,2020-09-25 09:20:18.000000,renevdeuren,@SirJelle @ArbiterOfTweets @JnthnHndrckx @Knack In Nederland bestaat er Blendle waar men een keuze kan maken uit artikels.,Sas Slijkens üáßüá™,0,0,2020-09-28 19:07:25.525721
80,1309422359850475520,nl,2020-09-25 09:19:53.000000,whdewijs,Lees dit artikel uit Trouw: Hoe het politieke debat verdween https://t.co/yVaSTTY7Jq,Amsterdam,0,0,2020-09-28 19:07:25.525731
81,1309421345512411136,nl,2020-09-25 09:15:51.000000,Mopperwezen,De beste voorzorgsmaatregel tegen corona? Zet Jaap van Dissel aan de kant https://t.co/muBD3gjXOO,"Amsterdam, Nederland",0,0,2020-09-28 19:07:25.525741
82,1309420662356934656,nl,2020-09-25 09:13:08.000000,JnthnHndrckx,"@ArbiterOfTweets @kareldeweerdt @SirJelle En zelfs bij Blendle zelf is dat model van micropayments , voor zover ik‚Ä¶ https://t.co/DJUdkVU3KX","Antwerp, Belgium",4,0,2020-09-28 19:07:25.525751
83,1309420077729681409,nl,2020-09-25 09:10:49.000000,Mopperwezen,Een nieuwe lockdown is onvermijdelijk https://t.co/RM5KF13ozP,"Amsterdam, Nederland",0,0,2020-09-28 19:07:25.525761
84,1309419986201518080,nl,2020-09-25 09:10:27.000000,ArbiterOfTweets,"@kareldeweerdt @SirJelle @JnthnHndrckx Denk dat hij doelt op een soort Blendle-systeem, wat op zich niet oninteressant is.",,3,0,2020-09-28 19:07:25.525772
85,1309411298766192640,nl,2020-09-25 08:35:55.000000,PD0PKY,Lees dit artikel uit Knack: De beste filter blijkt een viscose dweil te zijn https://t.co/b2uWJWALg4,JO 21 gu,0,0,2020-09-28 19:07:25.525781
86,1309409491478294533,nl,2020-09-25 08:28:45.000000,PetraMeijers,Alles wat @IljaPfeijffer zegt in deze column over het verschil tussen Itali√´ en Nederland. Over de egocentrische Ne‚Ä¶ https://t.co/k0u34Ik5DS,"Maastricht, the Netherlands",2,0,2020-09-28 19:07:25.525791
87,1309409131934224384,nl,2020-09-25 08:27:19.000000,nieuwsselectie,Onbeperkt tijdschriften en het nieuws van alle k(r)anten. Probeer nu gratis: https://t.co/ZGrWV66GTy #blendle #lezen https://t.co/68hxQyX6Zs,,0,2,2020-09-28 19:07:25.525801
88,1309407243784388608,de,2020-09-25 08:19:49.000000,koysino,"Q: ""SCHWEINEREI!"", GEO Magazin, 9.9.2020

https://t.co/KFA7pJ8J4m","Amsterdam, Niederlande",2,0,2020-09-28 19:07:25.525811
89,1309398281122992129,nl,2020-09-25 07:44:12.000000,FritsBroos,Lees dit artikel uit Knack: De beste filter blijkt een viscose dweil te zijn https://t.co/C1AxHchXIb,Zeeland,0,0,2020-09-28 19:07:25.525822
90,1309398202089705474,nl,2020-09-25 07:43:53.000000,Consugreen,Lees dit artikel uit Knack: De beste filter blijkt een viscose dweil te zijn https://t.co/R87LNzh5fd,"Middelburg, Zeeland",0,0,2020-09-28 19:07:25.525832
91,1309386651769229312,nl,2020-09-25 06:57:59.000000,LotNote,Interessant artikel uit Knack: De beste filter blijkt een viscose dweil te zijn https://t.co/L96oeqw9bs,Amsterdam en Lorraine,0,0,2020-09-28 19:07:25.525841
92,1309383666863419393,nl,2020-09-25 06:46:08.000000,Johanvanes17,Lees dit artikel uit Knack: De beste filter blijkt een viscose dweil te zijn #nut https://t.co/OWTkomKyJ4,"Bavel,Nederland",0,0,2020-09-28 19:07:25.525851
93,1309375832754991104,nl,2020-09-25 06:15:00.000000,BlendleNL,Het Westen probeert al jaren Assad voor de rechter te slepen. Nederland denkt nu een manier gevonden te hebben (‚Ä¶ https://t.co/x1hp5l5Nna,Utrecht,1,0,2020-09-28 19:07:25.525861
94,1309372064218804229,nl,2020-09-25 06:00:01.000000,BlendleNL,De Kamer voert al sinds het begin van deze crisis liever campagne dan dat het kritische vragen stelt. Terwijl ‚Äôt ju‚Ä¶ https://t.co/AWkXbIn4kM,Utrecht,1,0,2020-09-28 19:07:25.525871
95,1309367689090142208,nl,2020-09-25 05:42:38.000000,vangeest,Lees dit artikel uit https://t.co/tvhDuAvoJ4: De beste voorzorgsmaatregel tegen corona? Zet Jaap van Dissel aan de‚Ä¶ https://t.co/X4iDVnv7Qi,Planet Earth,2,1,2020-09-28 19:07:25.525899
96,1309360733260455941,nl,2020-09-25 05:15:00.000000,BlendleNL,"‚ÄòJust do it (for the money)‚Äô: sporters worden door Nike verplicht wedstrijden te lopen, geblesseerd of niet (‚Ä¶ https://t.co/7XkySi9n40",Utrecht,2,0,2020-09-28 19:07:25.525909
97,1309354730443939841,nl,2020-09-25 04:51:09.000000,woukevscherrenb,Belgische arts bestudeerde jaren geleden al t effect van mondkapjes ‚Äúals iedereen die draagt is een epidemie snel b‚Ä¶ https://t.co/YB7MRaEYtK,,63,40,2020-09-28 19:07:25.525919
98,1309353515366707200,nl,2020-09-25 04:46:19.000000,nieuwsselectie,Onbeperkt tijdschriften en het nieuws van alle k(r)anten. Probeer nu gratis: https://t.co/ZGrWV66GTy #nieuws https://t.co/16yXQx8qFK,,0,0,2020-09-28 19:07:25.525930
99,1309353183559340034,nl,2020-09-25 04:45:00.000000,BlendleNL,"Pleidooi voor ‚Äôt mondkapje: volgens deze arts zijn ze ‚Äòhypereffici√´nt‚Äô (@Knack)

üëâ https://t.co/0yGwiJm3nb https://t.co/Oo0tbJ8p8u",Utrecht,1,0,2020-09-28 19:07:25.525940
100,1309302157380849664,en,2020-09-25 01:22:14.000000,_KarenHao,@paul_scharre There used to be a company called Blendle that did this! Apparently they stopped last year bc they ju‚Ä¶ https://t.co/hJjR38mGk1,"Cambridge, MA",2,0,2020-09-28 19:07:26.137998
101,1309286951506374656,en,2020-09-25 00:21:49.000000,NielsRenssen,@paul_scharre @Blendle Blendle's personalized newsfeeds are very much curated by algorithms and I still don't reall‚Ä¶ https://t.co/fAwYFhciZN,"The Hague, The Netherlands",0,0,2020-09-28 19:07:26.138012
102,1309236113811402759,nl,2020-09-24 20:59:48.000000,mathilebrandts,"Lees dit artikel uit 360 Magazine: Eniola Aluko, klokkenluidster tegen wil en dank https://t.co/Mov8kgxzOc",,0,0,2020-09-28 19:07:26.138018
103,1309202604778545153,nl,2020-09-24 18:46:39.000000,MoniqueNeyzen,Duurzaamheid en gratis retourneren na on-line aankoop slecht samen. Veel consumenten realiseren zich dat niet. Arti‚Ä¶ https://t.co/f3MvJPRSwr,Nederland,1,0,2020-09-28 19:07:26.138023
104,1309201844447727616,de,2020-09-24 18:43:38.000000,jrnsg,"Sehr lesenswert zum Fall #Nawalny:
¬ªNach der Invasion auf der Krim und im Donbass [‚Ä¶] gibt es kein Zur√ºck mehr. Kei‚Ä¶ https://t.co/YUIJ0ygYzT","M√ºnchen, Bayern M√ºnchen",0,0,2020-09-28 19:07:26.138028
105,1309200002078642176,nl,2020-09-24 18:36:18.000000,BlendleNL,"üèÜ Vandaag werd dit stuk het best gelezen op Blendle:

Dit gebeurt er met al die pakketjes die jij gratis terugstuur‚Ä¶ https://t.co/dLpcH1WKU9",Utrecht,1,1,2020-09-28 19:07:26.138033
106,1309183698949091328,nl,2020-09-24 17:31:31.000000,BlendleNL,"Dat je goed voor je huisdier zorgt, betekent niet dat ie gelukkig is. Hier moet je op letten. @BosEmmeke zocht het‚Ä¶ https://t.co/SCgSCk1azm",Utrecht,6,2,2020-09-28 19:07:26.138038
107,1309183133837860866,nl,2020-09-24 17:29:17.000000,BlendleNL,"Nadat de Engelse spits Eniola Aluko racisme in het (vrouwen)voetbal aankaartte, werd ze niet meer geselecteerd. Nu‚Ä¶ https://t.co/pLixFnSATY",Utrecht,1,1,2020-09-28 19:07:26.138045
108,1309182263196876800,en,2020-09-24 17:25:49.000000,trynke56,@rallyjef Een blendle abbonement,het wonderschone Frysl√¢n ,1,0,2020-09-28 19:07:26.138050
109,1309181996527222785,nl,2020-09-24 17:24:46.000000,BlendleNL,"Dit gebeurt er met al die pakketjes die jij gratis terugstuurt. Jurgen Tiekstra schreef het op voor @vprogids.

üëâ‚Ä¶ https://t.co/eSeCYwOf7v",Utrecht,2,0,2020-09-28 19:07:26.138055
110,1309168364204556294,nl,2020-09-24 16:30:35.000000,bolle58,"@MartijnvanO @rallyjef Ik gebruik Blendle en vul dat aan met wat andere artikelen, van NRC etc.. Digitaal dus.",nijmegen,1,0,2020-09-28 19:07:26.138060
111,1309166375886299138,nl,2020-09-24 16:22:41.000000,Goldtwatter,De #schepper van dit financi√´le #surrealisme koopt sinds 10 jaar volop #staatsobligaties van eurolanden op. De #ECB‚Ä¶ https://t.co/1fKmqc9aK0,Netherlands,0,0,2020-09-28 19:07:26.138065
112,1309163189628817408,de,2020-09-24 16:10:02.000000,BlendleDE,"Ist Gold eine gute Investition? @SZ erkl√§rt, ob und f√ºr wen das Edelmetall wirklich etwas bringt.‚Ä¶ https://t.co/CT3iwppFzR",Deutschland,0,0,2020-09-28 19:07:26.138071
113,1309159823372582912,nl,2020-09-24 15:56:39.000000,UiteenAdvocaat,Lees dit artikel uit JAN: HOE GA JE OM MET EEN KIND DAT ROUWT? https://t.co/H4P49VXM5j,"Rotterdam, Zuid-Holland",1,0,2020-09-28 19:07:26.138076
114,1309150859524218881,de,2020-09-24 15:21:02.000000,BlendleDE,2020 ist ein hochdramatisches Jahr in der Klimakrise. @sternde schreibt die Ausma√üe zusammen https://t.co/tOefv0qR7w https://t.co/p8QGSLyeMD,Deutschland,0,0,2020-09-28 19:07:26.138081
115,1309145575045070850,nl,2020-09-24 15:00:02.000000,BlendleNL,Waarom de dood van opperrechter Ruth Bader Ginsburg de Amerikaanse democratie in gevaar brengt. @PaulVerhagen legt‚Ä¶ https://t.co/G7CxnavnZq,Utrecht,1,0,2020-09-28 19:07:26.138086
116,1309142516227338242,nl,2020-09-24 14:47:53.000000,vanfransveen,Lees dit artikel uit Het Parool: Clowns in circus Corona https://t.co/gtBW89yJlt https://t.co/6rsYXaJn83,Amsterdam,0,0,2020-09-28 19:07:26.138091
117,1309137340124876805,nl,2020-09-24 14:27:19.000000,nieuwsselectie,Onbeperkt tijdschriften en het nieuws van alle k(r)anten. Probeer nu gratis: https://t.co/ZGrWV66GTy #gratisproberen https://t.co/4QhSZE10jA,,0,0,2020-09-28 19:07:26.138096
118,1309129757431390220,nl,2020-09-24 13:57:11.000000,Hesteroz,"@Blendle Vraagje... gister dacht ik artikelen onbeperkt te kunnen lezen als ik een abonnement nam, toch overstag...‚Ä¶ https://t.co/lEcD7grPgw","Alkmaar, The Netherlands",0,0,2020-09-28 19:07:26.138101
119,1309108750188412929,en,2020-09-24 12:33:42.000000,jkatcher74,"Definitely becoming a believer. Journeys in the Teslaverse
 https://t.co/cG0ikx1JzV?",NYC,0,0,2020-09-28 19:07:26.138106
120,1309108497108406273,en,2020-09-24 12:32:42.000000,jkatcher74,"Trusty Wet Noses Sniff Out the CoronaVirus
 https://t.co/B4FroCsIcH?",NYC,0,0,2020-09-28 19:07:26.138111
121,1309086645594075137,en,2020-09-24 11:05:52.000000,rickpastoor,@ThE_ED @NickKivits üò¢ rip Blendle button,"Amsterdam, Netherlands",0,0,2020-09-28 19:07:26.138116
122,1309081092574580736,da,2020-09-24 10:43:48.000000,eelcobvr,Hier de Blendle-link: https://t.co/SlE0pOUmdx,Amsterdam,4,1,2020-09-28 19:07:26.138121
123,1309079965670014976,nl,2020-09-24 10:39:20.000000,ThE_ED,Reporters Online deelnemers kunnen de nieuwe pluginversie downloaden. Daarin heb ik de Blendle-knop optie verwijder‚Ä¶ https://t.co/mWOgZPGDz9,Arnhem,2,1,2020-09-28 19:07:26.138126
124,1309057354470690821,nl,2020-09-24 09:09:29.000000,Mooinique1,Lees dit artikel uit de Volkskrant: Zo leent Nederland miljarden voor een spotprijs. Dit!  https://t.co/nu3F0tMGZo,,1,1,2020-09-28 19:07:26.138131
125,1309030680484085762,nl,2020-09-24 07:23:29.000000,sneuperdokkum,Genealogie om moorden op te lossen: DNA BEKEND! https://t.co/dZEzTSjEPD,Dokkum/ Amsterdam,0,0,2020-09-28 19:07:26.138136
126,1309028305404940289,nl,2020-09-24 07:14:03.000000,Anja_Vink,Lezenswaardig nterview van @hannahhoekstra in de Vogue met twee leerlingen en een leraar van @OSBijlmer: IK WAS EEN‚Ä¶ https://t.co/qdMoDE19Cm,Damsko,0,0,2020-09-28 19:07:26.138141
127,1309023682514296833,nl,2020-09-24 06:55:41.000000,cuijperscor,Lees dit artikel uit Het Parool: Dood rechter kan VS fataal worden https://t.co/uxl9c17rzF,,1,0,2020-09-28 19:07:26.138147
128,1309017220882640896,nl,2020-09-24 06:30:00.000000,BlendleNL,"In Madrid zitten hele wijken alweer op slot. Vooral arme buurten gaan in lockdown, uit vrees voor het ergste. Corre‚Ä¶ https://t.co/hkS8HiBOWX",Utrecht,0,1,2020-09-28 19:07:26.138152
129,1309009671341056000,nl,2020-09-24 06:00:00.000000,BlendleNL,De partijbijeenkomst van FVD op de Amerikaanse ambassade zorgt voor ophef en staat op gespannen voet met internatio‚Ä¶ https://t.co/f3UwdwMxVZ,Utrecht,5,0,2020-09-28 19:07:26.138157
130,1308998345487126528,nl,2020-09-24 05:15:00.000000,BlendleNL,Dit Nederlandse coronavaccin wordt sinds deze week getest op 60.000 mensen. ‚ÄòTot nu toe is er alleen maar goed nieu‚Ä¶ https://t.co/HvArjKScgs,Utrecht,0,0,2020-09-28 19:07:26.138162
131,1308990795626631168,nl,2020-09-24 04:45:00.000000,BlendleNL,Spotgoedkoop miljarden lenen? Zo krijgt Nederland dat voor elkaar. @yvonnehofs doet verslag vanuit de dealingroom o‚Ä¶ https://t.co/4NMT8RUCzb,Utrecht,1,0,2020-09-28 19:07:26.138167
132,1308967366970269696,nl,2020-09-24 03:11:54.000000,DjoeGio,Waarom 200.000 Amerikanen kunnen overlijden aan Covid-19 zonder dat dit als een nationaal drama wordt ervaren. https://t.co/YNMQIjm7HJ,johanvandebeek@protonmail.com,0,0,2020-09-28 19:07:26.138171
133,1308876214610923525,en,2020-09-23 21:09:41.000000,timneutkens,"Just to translate the brands:

Marktplaats = Our ebay
Corona Dashboard = Official Government dashboard
TicketSwap =‚Ä¶ https://t.co/JynBLvIXXV",The Netherlands,14,0,2020-09-28 19:07:26.138176
134,1308872949043265537,en,2020-09-23 20:56:43.000000,timneutkens,"Super interesting to follow the continued growth of Next.js in The Netherlands. So many well-known brands:

Marktpl‚Ä¶ https://t.co/roIUO2JNK9",The Netherlands,210,4,2020-09-28 19:07:26.138181
135,1308835021583790080,de,2020-09-23 18:26:00.000000,ReportagenFM,"Ihr Leben ist gepr√§gt von Verzicht. Elektrizit√§t ist tabu, Schmuck verp√∂hnt, stattdessen bestimmen Gottesfurcht und‚Ä¶ https://t.co/GX3mYdwXNR",Berlin ,1,1,2020-09-28 19:07:26.138186
136,1308800805038850053,de,2020-09-23 16:10:02.000000,BlendleDE,‚ÄûWir sind faul geboren‚Äú: Warum wir alle Sportmuffel sind und was wir dagegen tun k√∂nnen. Aus @SZ‚Ä¶ https://t.co/E0ebGwYYoo,Deutschland,0,0,2020-09-28 19:07:26.138191
137,1308788470786162689,de,2020-09-23 15:21:02.000000,BlendleDE,Warum soll eigentlich wieder fast ausschlie√ülich Deutschland einspringen? Aus @derspiegel https://t.co/2pEGdCcx5Z https://t.co/ARZX6dH6l4,Deutschland,0,0,2020-09-28 19:07:26.138198
138,1308779019941404672,en,2020-09-23 14:43:28.000000,traceylindeman,@navalang Blendle might be a good option for you. It's a newsstand/amalgamation app.,Montreal / Ottawa,1,0,2020-09-28 19:07:26.138206
139,1308775297467195394,nl,2020-09-23 14:28:41.000000,pimcleber,De eeuwige Jongensman https://t.co/wdyCgaSXls,"Meerssen, Nederland",0,0,2020-09-28 19:07:26.138222
140,1308756199433809921,und,2020-09-23 13:12:48.000000,koysino,Q: https://t.co/fYXIg3Irgq,"Amsterdam, Niederlande",0,0,2020-09-28 19:07:26.138228
141,1308739694063165444,de,2020-09-23 12:07:12.000000,mrdarcysblog,"Einer der besten Texte heute: 

""Die insgesamt 110 Kilometer aneinandergereihter Akten, die die Stasi √ºber ihre DDR‚Ä¶ https://t.co/k5GFt3AEAG","Berlin, Deutschland",0,0,2020-09-28 19:07:26.138233
142,1308738957409234949,nl,2020-09-23 12:04:17.000000,wzv100,Lees dit artikel uit de Volkskrant: Brij https://t.co/FhqDOcMFCU,,0,0,2020-09-28 19:07:26.138238
143,1308720630808879104,nl,2020-09-23 10:51:27.000000,KoGeene,Lees dit artikel uit Trouw: Bekend Nederland https://t.co/DZ1R0ql3oe,"Oss, Nederland",0,0,2020-09-28 19:07:26.138243
144,1308700137011777536,de,2020-09-23 09:30:01.000000,istuetzle,@SabineNuss und Friedman vor 50 Jahren https://t.co/HfFJFufXjB,Berlin,2,0,2020-09-28 19:07:26.138248
145,1308671315772088320,nl,2020-09-23 07:35:30.000000,MMeulblok,Aaf is z√≥ spot on in deze scherpe column. Ik mocht 'm overigens met veel liefde inspreken voor #Blendle Audio. Die‚Ä¶ https://t.co/SqXREpG5ea,"Utrecht, Nederland",2,0,2020-09-28 19:07:26.138253
146,1308660213642391553,nl,2020-09-23 06:51:23.000000,meisjenoord,Blij dat mijn werkgever ons verplicht thuis te blijven: Enige argument om niet naar de zaak te komen is ziekte' https://t.co/Ao5m3rkYY2,,1,0,2020-09-28 19:07:26.138258
147,1308570533932474368,en,2020-09-23 00:55:02.000000,secure_single,"""My own research points to a more straightforward and primal explanation for the slowed pace toward marriage: For A‚Ä¶ https://t.co/x2vifBg0UQ","Denver, CO",0,0,2020-09-28 19:07:26.138263
148,1308504635557253121,de,2020-09-22 20:33:10.000000,Beutings,"Ich bekomme den Newsletter von @Blendle. Beruflich. Allein im aktuellen Jahr waren darin bestimmt 200 Tipps, wie ic‚Ä¶ https://t.co/4KCMR6kd9N","Bonn, Germany",0,0,2020-09-28 19:07:26.138268
149,1308503698415509508,de,2020-09-22 20:29:27.000000,MarkusKorherr,Lesenswertes Interview mit Hartmut Rosa zu:  Die Zeit ist knapp. Und das ist paradox.  https://t.co/sESUwJgqo8,,0,0,2020-09-28 19:07:26.138274
150,1308492264755400705,nl,2020-09-22 19:44:01.000000,JoostvdWegen,Mijn artikel uit april: Chinees-Nederlandse Importeur gezichtsmaskers is kritisch: ‚ÄôTekort mondkapjes onnodig‚Äô‚Ä¶ https://t.co/MeIbdwXRN4,Amsterdam,2,1,2020-09-28 19:07:26.138293
151,1308491434782322688,en,2020-09-22 19:40:43.000000,nealpetersen,@Freek_JansenVI Via Blendle?,A'dam,0,0,2020-09-28 19:07:26.138299
152,1308471207096971266,nl,2020-09-22 18:20:20.000000,LoemieS,Lees dit artikel uit Trouw: 'Er is alle reden tot optimisme' https://t.co/2PWqxTte3n,"Amsterdam, Nederland",0,0,2020-09-28 19:07:26.138304
153,1308470867932913667,nl,2020-09-22 18:18:59.000000,LoemieS,Lees dit artikel uit Knack Extra: Wat doen genotsmiddelen met onze slaap? https://t.co/EKbOz64CML,"Amsterdam, Nederland",0,0,2020-09-28 19:07:26.138309
154,1308438416997191681,de,2020-09-22 16:10:02.000000,BlendleDE,‚ÄûIn (manchen) Regionen erleben wir stellenweise Tendenzen zu einem regelrechten Holocaust-Disneyland‚Äú. Aus‚Ä¶ https://t.co/OhrmSMqIje,Deutschland,0,0,2020-09-28 19:07:26.138324
155,1308426194073931777,nl,2020-09-22 15:21:28.000000,MirjamSterk,@JacobineSdJ @janwillemwits @volkskrant Hear hear.. Blendle is wel een hulpmiddel..,"Bethesda, MD",1,0,2020-09-28 19:07:26.138329
156,1308426085579792385,de,2020-09-22 15:21:02.000000,BlendleDE,Dieser Mann kennt den Schl√ºssel zu einem gelungenen Leben. Selbstoptimierung und Wirtschaftswachstum sind es aber n‚Ä¶ https://t.co/NHpqqK3e57,Deutschland,0,0,2020-09-28 19:07:26.138334
157,1308420798093373445,nl,2020-09-22 15:00:02.000000,BlendleNL,"Ook de leden van de Quote500 vroegen (en kregen) geld van de overheid, ontdekten Abel de Graaff en Jeroen Molenaar.‚Ä¶ https://t.co/glLdgk0Wub",Utrecht,1,0,2020-09-28 19:07:26.138339
158,1308409961677033474,nl,2020-09-22 14:16:58.000000,BlendleNL,Rick Nieman: ‚ÄòTrump doet er alles aan de Amerikaanse droom om zeep te helpen‚Äô. @therealvdv sprak de journalist voor‚Ä¶ https://t.co/gVRk8WcEIv,Utrecht,0,0,2020-09-28 19:07:26.138344
159,1308408349034250241,nl,2020-09-22 14:10:34.000000,BlendleNL,Medeoprichter Brian Chesky over de impact van corona op zijn bedrijf @Airbnb: ‚ÄòWe kregen meer dan 1 miljard dollar‚Ä¶ https://t.co/iDwswMoqY8,Utrecht,0,0,2020-09-28 19:07:26.138349
160,1308407059944267780,nl,2020-09-22 14:05:26.000000,BlendleNL,Waarom ambitie niet alleen over werk hoeft te gaan (maar bijvoorbeeld ook om meer te kunnen niksen).‚Ä¶ https://t.co/pAEneXT8SH,Utrecht,1,0,2020-09-28 19:07:26.138365
161,1308380479859679234,nl,2020-09-22 12:19:49.000000,trijntjepl,"@JacobineSdJ @Marietjepietje @volkskrant Ik mis dat ook, ik lees nu wel incidenteel een artikel uit Volkskrant of T‚Ä¶ https://t.co/mwLFjQjhBX",,0,0,2020-09-28 19:07:26.138370
162,1308370475442204673,nl,2020-09-22 11:40:04.000000,Marietjepietje,@JacobineSdJ @volkskrant dit heb ik inderdaad ook heel vaak. Wat dat betreft was Blendle altijd ideaal.,,2,0,2020-09-28 19:07:26.138375
163,1308349057065250818,nl,2020-09-22 10:14:57.000000,pieter_beens,"Vaccindeals gesloten achter de schermen

https://t.co/DKFCeUIGU5",,1,0,2020-09-28 19:07:26.138380
164,1308330420124233729,nl,2020-09-22 09:00:54.000000,Mooinique1,"Lees dit artikel uit Quote: WE WANT IT NOW. Zelf ben ik tegen al die steun voor de KLM, cultuur, voetbal en noembaa‚Ä¶ https://t.co/TcCKxzRw2n",,0,0,2020-09-28 19:07:26.138385
165,1308328970446831616,nl,2020-09-22 08:55:08.000000,Reach,"Een groep van minstens 125 miljardairs en multi-, multimiljonairs, samen goed voor een geschat vermogen van zo‚Äôn 71‚Ä¶ https://t.co/OMwCL4dnHo",,0,0,2020-09-28 19:07:26.138390
166,1308324539198328832,und,2020-09-22 08:37:32.000000,koysino,Q: https://t.co/ye78wqnIYA,"Amsterdam, Niederlande",2,0,2020-09-28 19:07:26.138395
167,1308324528876068865,de,2020-09-22 08:37:29.000000,koysino,"5/x In der FAS im M√§rz hie√ü es noch: ""Rund 2000 Euro im Monat bezahle ihr die Organisation, sagt Seibt."" 

Q: https://t.co/4l2Xwxe1Ku","Amsterdam, Niederlande",2,0,2020-09-28 19:07:26.138400
168,1308320111485480960,nl,2020-09-22 08:19:56.000000,Kamergorodska,"@OzcanAkyol:""Dat levert de premier, in aanloop naar nieuwe verkiezingen, grote problemen op: hij moet impopulaire k‚Ä¶ https://t.co/sBiLDiroqT",,0,0,2020-09-28 19:07:26.138405
169,1308298739358994432,nl,2020-09-22 06:55:01.000000,Zonneschijn,Lees dit artikel uit AD: Rutte https://t.co/c1fmGjaKTX,Utrecht,0,0,2020-09-28 19:07:26.138410
170,1308295893758566400,nl,2020-09-22 06:43:42.000000,Blendle,"@PimMinderman Je kunt inderdaad wel weer bladeren door kranten en artikelen apart afrekenen, maar daarvoor heb je w‚Ä¶ https://t.co/SkX97OK8sW","New York, NY",0,0,2020-09-28 19:07:26.138415
171,1308292445411500033,nl,2020-09-22 06:30:00.000000,BlendleNL,"Wie niet wil wachten op een ‚Äògewone‚Äô test, kan terecht bij commerci√´le aanbieders. Maar daar zitten wel risico‚Äôs aa‚Ä¶ https://t.co/MirgXVgdpS",Utrecht,0,0,2020-09-28 19:07:26.138420
172,1308284896654229506,nl,2020-09-22 06:00:00.000000,BlendleNL,Na het Cornelius Haga komt een islamitische school in Rotterdam ook in opspraak. De vraag is of het gaat om een rel‚Ä¶ https://t.co/JdoFzwGU3s,Utrecht,1,2,2020-09-28 19:07:26.138425
173,1308273569743466496,nl,2020-09-22 05:15:00.000000,BlendleNL,"Wie verdient eigenlijk aan het corona-vaccin? Dat weet niemand, want het is staatsgeheim. @DGStephen85 en‚Ä¶ https://t.co/83X0ZINPff",Utrecht,5,3,2020-09-28 19:07:26.138429
174,1308266020033888262,nl,2020-09-22 04:45:00.000000,BlendleNL,".@OzcanAkyol snapt Ruttes ‚Äòbek houden‚Äô. Maar Nederlanders zijn te eigenwijs, schrijft de columnist in @ADnl. 

üëâ‚Ä¶ https://t.co/wRoCs3eC0K",Utrecht,1,0,2020-09-28 19:07:26.138435
175,1308129165552619520,en,2020-09-21 19:41:11.000000,Sulatrynaya,This woman sounds way too woke it‚Äôs must be overbearing for the kid. https://t.co/g33S9RTTOe,,0,0,2020-09-28 19:07:26.138439
176,1308124867225583616,nl,2020-09-21 19:24:06.000000,nickklaessens,"Topverhaal. Nu op @BlendleNL. 

https://t.co/FJDaxQszB1","Haarlem, Nederland",3,0,2020-09-28 19:07:26.138444
177,1308113717285003269,nl,2020-09-21 18:39:48.000000,BlendleNL,"üèÜ Dit is het best gelezen stuk van vandaag:

Meer positieve tests dan ooit ‚Äì toch zijn deze experts niet bezorgd, s‚Ä¶ https://t.co/2aPkQJ6oiw",Utrecht,1,0,2020-09-28 19:07:26.138450
178,1308087663963123715,en,2020-09-21 16:56:16.000000,holofiche,Read this article from The New Yorker: CONFESSIONS OF A SHINAGAWA MONKEY https://t.co/QpllFSWBC9,,0,0,2020-09-28 19:07:26.138454
179,1308087148810244097,en,2020-09-21 16:54:14.000000,holofiche,"Read this article from The New York Times: For Gen Z, a Tech Path That Skirts Silicon Valley https://t.co/Wo2LHa7igb",,0,0,2020-09-28 19:07:26.138459
180,1308083981578108932,nl,2020-09-21 16:41:38.000000,kimcastenmiller,@tommy_derksen @kardonsch Ik las het in blendle. Ik kan je een linkje sturen? Mag het 1 iemand cadeau doenüòâ,Leiden Nederland,0,0,2020-09-28 19:07:26.138464
181,1308076026174615553,de,2020-09-21 16:10:02.000000,BlendleDE,Ein Nachruf auf den Rockstar unter den Richterinnen: Ruth Bader Ginsburg. Aus @NZZaS https://t.co/BWH6jTO7BI https://t.co/CivFZRa22J,Deutschland,0,0,2020-09-28 19:07:26.138469
182,1308063693498970112,de,2020-09-21 15:21:01.000000,BlendleDE,"""Wir haben einen anstrengenden Winter vor uns"", wei√ü diese Virologin. Aus @Tagesspiegel https://t.co/m4QFZ7PnEO https://t.co/8tXff2KpwZ",Deutschland,0,0,2020-09-28 19:07:26.138474
183,1308058411221880834,nl,2020-09-21 15:00:02.000000,BlendleNL,Welke columnist durft nog te schrijven tegen racisme? @StevoAkkerman ziet een ‚Äòmeedogenloze intimidatiecampagne‚Äô bi‚Ä¶ https://t.co/eSxjq7r9Fc,Utrecht,0,0,2020-09-28 19:07:26.138479
184,1308043704796672000,en,2020-09-21 14:01:36.000000,KleimanIntCon,"#Cuba again in severe rationing $ desperate ""special period"" from remittance/tourism, #USA renewed boycott/‚Ä¶ https://t.co/hIco6OXRsH","Washington, DC",0,0,2020-09-28 19:07:26.138484
185,1308009510951440388,nl,2020-09-21 11:45:43.000000,PimMinderman,"@Blendle He, maar ik dacht dat juist weer terug was.",Amsterdam,0,0,2020-09-28 19:07:26.138489
186,1308002589817081862,nl,2020-09-21 11:18:13.000000,BlendleNL,@RonDrafkok @LeonMeulen https://t.co/KZ6YJX0ras - Via deze link kan je er iets meer over vinden. Je kan de pocket a‚Ä¶ https://t.co/Te2n3rcfzS,Utrecht,0,0,2020-09-28 19:07:26.138493
187,1307971094717124608,nl,2020-09-21 09:13:04.000000,Mooinique1,Lees dit artikel uit PS: Een knoop erin. Man man man wat zijn mannen toch een watjes. Mijn man gelukkig niet. Hij d‚Ä¶ https://t.co/O9LsJb769y,,0,0,2020-09-28 19:07:26.138498
188,1307967928973885440,nl,2020-09-21 09:00:29.000000,Mooinique1,Lees dit artikel uit Knack: Dit gaat in tegen de seksuele rechten van de mens. Persoonlijk denk ik dat mensen ongea‚Ä¶ https://t.co/xsosvpcw8v,,0,0,2020-09-28 19:07:26.138503
189,1307955684026261504,nl,2020-09-21 08:11:50.000000,11meterbovenNAP,Waarom zou je als gevangene je stemrecht moeten verliezen? Levenslang! Hoe klein het vergrijp ook was!  De Republie‚Ä¶ https://t.co/hqCvwtffr8,,1,1,2020-09-28 19:07:26.138508
190,1307951150398922755,nl,2020-09-21 07:53:49.000000,11meterbovenNAP,Lees dit artikel uit de Volkskrant: Voor Trump is haar overlijden een bonus https://t.co/7hZfF1EnRg,,0,0,2020-09-28 19:07:26.138513
191,1307940808545521664,und,2020-09-21 07:12:43.000000,koysino,Q: https://t.co/5ezSbn1P9w,"Amsterdam, Niederlande",2,0,2020-09-28 19:07:26.138517
192,1307939697877016578,nl,2020-09-21 07:08:18.000000,Blendle,@PimMinderman Het is helaas niet meer mogelijk om bij Blendle te betalen per artikel!,"New York, NY",0,0,2020-09-28 19:07:26.138522
193,1307931025440464896,nl,2020-09-21 06:33:51.000000,PetervdSchoor,Lees dit artikel uit AD: Slaat tweede besmettingsgolf net zo hard toe als de eerste? https://t.co/ASFssUay2a,Garderen,0,0,2020-09-28 19:07:26.138527
194,1307930056744894465,nl,2020-09-21 06:30:00.000000,BlendleNL,"Geen wc en een keer per dag eten. Dit is het nieuwe kamp waarin vluchtelingen op Lesbos worden opgesloten, schrijft‚Ä¶ https://t.co/QYYCiEJh8U",Utrecht,3,1,2020-09-28 19:07:26.138532
195,1307924573476794373,nl,2020-09-21 06:08:13.000000,nieuwsselectie,Onbeperkt tijdschriften en het nieuws van alle k(r)anten. Probeer nu gratis: https://t.co/ZGrWV66GTy #blendle‚Ä¶ https://t.co/zMf7GjI0f4,,0,3,2020-09-28 19:07:26.138537
196,1307922507274518530,nl,2020-09-21 06:00:00.000000,BlendleNL,Hoe een dochterbedrijf van ING hielp om de miljarden van Russische oligarchen naar het Westen te sluizen.‚Ä¶ https://t.co/en8XffRqBg,Utrecht,0,0,2020-09-28 19:07:26.138542
197,1307911181701722112,nl,2020-09-21 05:15:00.000000,BlendleNL,‚ÄòEen bonus voor Trump‚Äô: @MickPersson analyseert in @volkskrant wat de dood van Ruth Bader Ginsburg voor de VS gaat‚Ä¶ https://t.co/v8AZ3bEcpe,Utrecht,1,0,2020-09-28 19:07:26.138547
198,1307903946430783488,nl,2020-09-21 04:46:15.000000,nieuwsselectie,Onbeperkt tijdschriften en het nieuws van alle k(r)anten. Probeer nu gratis: https://t.co/ZGrWV66GTy #nieuws https://t.co/7tSVx6HVGx,,0,0,2020-09-28 19:07:26.138552
199,1307899858087325697,nl,2020-09-21 04:30:00.000000,BlendleNL,"Meer positieve tests dan ooit ‚Äì toch zijn deze experts niet bezorgd. @AnnemiekevD, @NielsKlaassen en @Mersbergen sc‚Ä¶ https://t.co/yrYJlefB70",Utrecht,0,0,2020-09-28 19:07:26.138557
