id,iso_language_code,created_at,screen_name,text,location,favorite_count,retweet_count,queried_at,company
1354058513417428992,nl,2021-01-26 13:28:01.000000,martinverbeet,Lees dit artikel uit de Volkskrant: Lang geleden https://t.co/XnL9nPTtYL,"Amsterdam, the Netherlands",0,0,2021-01-26 16:57:07.317655,blendle
1354057188310986753,nl,2021-01-26 13:22:45.000000,rcsmit,Lees dit artikel uit de Volkskrant: 'Ben zo trots op al die strijders! De knop ging om. REVOLUTION!!!!' https://t.co/EbLhf86WBg,,0,0,2021-01-26 16:57:07.317682,blendle
1354054662324965377,nl,2021-01-26 13:12:43.000000,jeroentjevd,"@AlexanderNL Jo, vraagje waar kan ik feature requests voor Blendle naar toe sturen ? Nu we allemaal thuis zitten mi‚Ä¶ https://t.co/SEt7xSzkxm","52.746929,4.780165",0,0,2021-01-26 16:57:07.317696,blendle
1354053643276853256,nl,2021-01-26 13:08:40.000000,rcsmit,Lees dit artikel uit EOS Wetenschap: ‚ÄòTwee boterhammen meer of minder kunnen het verschil maken‚Äô https://t.co/9cKMt21ncm,,0,0,2021-01-26 16:57:07.317709,blendle
1354050868698640384,de,2021-01-26 12:57:38.000000,stralauinBerlin,Offenbar gar nicht so selten: Covid-19-Infektion im Krankenhaus. https://t.co/F8Ye2yB1H1,Stralau,0,0,2021-01-26 16:57:07.317721,blendle
1354046559743332352,es,2021-01-26 12:40:31.000000,fba,"@eltintero Estos lo hab√≠an intentado, pero ahora veo que pivotaron. https://t.co/B8Au3ZKVKm",Portugal,0,0,2021-01-26 16:57:07.317733,blendle
1354033301904887809,nl,2021-01-26 11:47:50.000000,TPOnl,"@globalistaa Lees je de Linda. zelf wel eens eigenlijk? Ik wel, via Blendle, en dat waren toch √©cht Viva-jankverhal‚Ä¶ https://t.co/ZhOFfZ3i6T",Nederland,0,0,2021-01-26 16:57:07.317745,blendle
1354028091287490562,de,2021-01-26 11:27:08.000000,oraesque,"@zettel_kasten @c_drosten @derspiegel Bei Blendle mit der ""kleinen"" Paywall (0,75‚Ç¨):
https://t.co/Dod52iIJct",Frankfurt am Main,1,0,2021-01-26 16:57:07.317757,blendle
1354015677355585536,nl,2021-01-26 10:37:48.000000,BolandLW,"Lees dit artikel uit de Volkskrant: Lang geleden verscheen in Urk eens geen vissersboot aan de einder, maar een Tur‚Ä¶ https://t.co/Pkf7KLkMdK",,0,0,2021-01-26 16:57:07.317769,blendle
1354002448638160896,nl,2021-01-26 09:45:14.000000,jantinevg,"Lees dit artikel uit de Volkskrant: Lang geleden verscheen in Urk eens geen vissersboot aan de einder, maar een Tur‚Ä¶ https://t.co/4uubza4dYV",Buenos Aires,0,0,2021-01-26 16:57:07.317781,blendle
1353994508619444224,nl,2021-01-26 09:13:41.000000,Chantal_Leest,"@anoukbroersma Er staat april 2020 boven, kijk maar: https://t.co/2Nr1X6Y0WH","Amersfoort, Netherlands",0,0,2021-01-26 16:57:07.317793,blendle
1353993961334042624,nl,2021-01-26 09:11:31.000000,anoukbroersma,"Ik kan het artikel zelf trouwens niet openen, want geen Blendle momenteel, maar zo te zien is het in april 2016 geh‚Ä¶ https://t.co/d33rDdHTra",Nijmegen,0,0,2021-01-26 16:57:07.317804,blendle
1353993356297314305,nl,2021-01-26 09:09:06.000000,anoukbroersma,Meer dan 5 jaar geleden publiceerde ik via @Reporters_nl  het artikel 'waarom verslinden we zombiefilms bij op‚Ä¶ https://t.co/BVSXeNLFZe,Nijmegen,1,0,2021-01-26 16:57:07.317816,blendle
1353991827398029317,und,2021-01-26 09:03:02.000000,jasperklapwijk,‚Å¶@msteeman‚Å©  https://t.co/jM2NAJEewy,Nee ga weg.,1,0,2021-01-26 16:57:07.317827,blendle
1353991720418111490,nl,2021-01-26 09:02:36.000000,Fauntje,"Lees dit artikel uit de Volkskrant: Lang geleden verscheen in Urk eens geen vissersboot aan de einder, maar een Tur‚Ä¶ https://t.co/Tj0SPpyPIu","Nijmegen, Netherlands",0,0,2021-01-26 16:57:07.317838,blendle
1353982977869492224,de,2021-01-26 08:27:52.000000,mediendidaktik_,"Hallo @BlendleDE,

√úberschrift und Lead des bei euch gekauften Artikels sind h√§ufig nicht identisch mit der ""offizi‚Ä¶ https://t.co/CLCOG7k5Yg",Erlangen,0,0,2021-01-26 16:57:07.317850,blendle
1353980007429894149,nl,2021-01-26 08:16:04.000000,mattievalk,@Boris_Amsterdam @QmusicNL @Blendle Heb wel een account overigens,Rotterdam,1,0,2021-01-26 16:57:07.317862,blendle
1353979970591232000,nl,2021-01-26 08:15:55.000000,mattievalk,"@Boris_Amsterdam @QmusicNL @Blendle Nou in principe wel, maar daarin mis ik echt nog wat opties en kranten.",Rotterdam,0,0,2021-01-26 16:57:07.317874,blendle
1353968415837478914,nl,2021-01-26 07:30:00.000000,BlendleNL,Een tweede probleem voor coronapati√´nten op de ic: ze krijgen vaak te weinig voeding. En dat heeft flinke gevolgen‚Ä¶ https://t.co/pvZ7xqW8Dc,Utrecht,0,0,2021-01-26 16:57:07.317885,blendle
1353967650414731264,nl,2021-01-26 07:26:58.000000,Boris_Amsterdam,@mattievalk om niet premium te moeten inloggen op de @QmusicNL app maar even hier. Maar ben je niet gewoon @Blendle aan het uitvinden....,Amsterdam,0,0,2021-01-26 16:57:07.317896,blendle
1353960865989595137,nl,2021-01-26 07:00:00.000000,BlendleNL,"Columnist @ErdalBalci9 bekijkt de rellen in Urk door de ogen van een perfect aangepaste allochtoon, die er wegvluch‚Ä¶ https://t.co/4shMMEqxop",Utrecht,0,0,2021-01-26 16:57:07.317909,blendle
1353949540244574208,nl,2021-01-26 06:15:00.000000,BlendleNL,"AstraZeneca kan ineens veel minder vaccins leveren dan beloofd. Maar niet getreurd, wellicht komt er een oer-Hollan‚Ä¶ https://t.co/e8TA8TPHvY",Utrecht,3,1,2021-01-26 16:57:07.317921,blendle
1353941990434435074,nl,2021-01-26 05:45:00.000000,BlendleNL,‚ÄòWas weer heftig!‚Äô Dit zijn de Telegram-chatgroepen achter de Eindhovense chaos. Een reconstructie door @Harokraak‚Ä¶ https://t.co/S7LgRR3XN7,Utrecht,0,0,2021-01-26 16:57:07.317932,blendle
1353840219024449536,de,2021-01-25 23:00:36.000000,KaBine,@hummler @berndharder @Hoaxilla @AlexHoaxmaster @WildMics @TommyKrappweis @Lydia_Benecke @florianaigner Was bei mir‚Ä¶ https://t.co/GwDz9aEeD9,,4,0,2021-01-26 16:57:07.317944,blendle
1353827772683210754,de,2021-01-25 22:11:08.000000,berndharder,"@KaBine @Hoaxilla @AlexHoaxmaster @WildMics @TommyKrappweis @Lydia_Benecke @florianaigner @hummler Genau, wird gena‚Ä¶ https://t.co/Dt69tkCj7G",,10,0,2021-01-26 16:57:07.317956,blendle
1353817889162321920,en,2021-01-25 21:31:52.000000,naomisquared,@egavactip Have you looked at https://t.co/Ou7dTcZ4rm? The USA edition seem somewhat stuck at launch. But this is b‚Ä¶ https://t.co/NnTMKUDRkN,All over the place,1,0,2021-01-26 16:57:07.317967,blendle
1353812176239267841,de,2021-01-25 21:09:10.000000,eingemaischt,"@R3gretting Ah, ok! ;-) 

Ich hab letzte Woche Blendle geklickt, das geht schon in die Richtung. Aber solche Artikel gibt's da wohl nicht.",Alpha Centauri,1,0,2021-01-26 16:57:07.317979,blendle
1353803333660782592,de,2021-01-25 20:34:01.000000,eingemaischt,@washingtonski @handelsblatt Ist das unterschiedliche Alter der Patientenkollektive auch ein Grund f√ºr die untersch‚Ä¶ https://t.co/AQkahhoEQW,Alpha Centauri,1,0,2021-01-26 16:57:07.317991,blendle
1353792487169654786,nl,2021-01-25 19:50:55.000000,janwillem_vdb,Interessant artikel uit De Standaard: Niet de eerste pandemie die het podium treft. Tevens historische context van‚Ä¶ https://t.co/F0RmyLV7og,"Wijk bij Duurstede, Nederland",0,0,2021-01-26 16:57:07.318002,blendle
1353783460754763777,nl,2021-01-25 19:15:03.000000,BlendleNL,"üèÜ Dit stuk werd vandaag het best gelezen op Blendle:

Protesten Rusland en Nederland: columnist @StevoAkkerman ziet‚Ä¶ https://t.co/ilReNVwtsA",Utrecht,0,0,2021-01-26 16:57:07.318014,blendle
1353752353774645249,en,2021-01-25 17:11:27.000000,Jojanneke,The New York Times: Fauci on What Working for Trump Was Really Like https://t.co/bR8mC1R7Hv,With üíö from Rotterdam,1,0,2021-01-26 16:57:07.318026,blendle
1353734377000337424,nl,2021-01-25 16:00:01.000000,BlendleNL,"Nederlanders zijn ‚Äòechte reserve-Amerikanen‚Äô, schrijft @stevendefoer. Hier komt onze obsessie met de Amerikaanse po‚Ä¶ https://t.co/HYAcGBDj09",Utrecht,1,0,2021-01-26 16:57:07.318037,blendle
1353676879253925889,nl,2021-01-25 12:11:32.000000,MargotReesink,@natashenka007 @NickKivits @creative_xl8 @NinaWest71 Als je nog materiaal zoekt voor deel twee... https://t.co/UviQYphcGO,,3,1,2021-01-26 16:57:07.318048,blendle
1353668355002163203,de,2021-01-25 11:37:40.000000,cdbrkfxrpt,"@windrush @arnoxcao Hab lange blendle benutzt aber wie arno schon sagte, ist schon eher teuer",M√ºnchen,1,0,2021-01-26 16:57:07.318059,blendle
1353654087896748033,no,2021-01-25 10:40:58.000000,windrush,"@cdbrkfxrpt @arnoxcao blendle, flattr...",Berlin/Florence/Freiburg,0,0,2021-01-26 16:57:07.318071,blendle
1353645058541711361,de,2021-01-25 10:05:06.000000,frinika,@myrre00 @JoLepp @dentify_me @BlendleDE Ich liebe es auch so! Nur die Suchfunktion ist K√§se. Und ich f√ºrchte der Sp‚Ä¶ https://t.co/Gw5sJkW1ha,,0,0,2021-01-26 16:57:07.318082,blendle
1353637656098467840,de,2021-01-25 09:35:41.000000,OliverBWeber,"Merkw√ºrdig, von einem Rechtsphilosophen zu lesen, hinter unserer idealiteren Selbstverhandlung stecke die reine ¬ªKo‚Ä¶ https://t.co/tfpdEWVkYk",oliver@5webers.de,4,1,2021-01-26 16:57:07.318094,blendle
1353635968457330688,nl,2021-01-25 09:28:58.000000,MMeulblok,@Veronicaah @ginnyranu Misschien moeten we een felicitatieservice beginnen met Blendle Audio. It's something ü§≠,"Utrecht, Nederland",1,0,2021-01-26 16:57:07.318105,blendle
1353635594346369027,de,2021-01-25 09:27:29.000000,myrre00,"@frinika @JoLepp @dentify_me @BlendleDE @frinika super vielen Dank, das ist genau das was ich suche! Hab Blendle zw‚Ä¶ https://t.co/tRlcn3YCcL",Germany,1,0,2021-01-26 16:57:07.318117,blendle
1353633377405054977,de,2021-01-25 09:18:41.000000,frinika,@JoLepp @dentify_me Ich gucke gleich Mal ob es den Artikel bei Blendle gibt. Finde Artikel vom Spiegel dort aber au‚Ä¶ https://t.co/httcqogg6p,,0,0,2021-01-26 16:57:07.318128,blendle
1353627827569111040,nl,2021-01-25 08:56:37.000000,ginnyranu,@Veronicaah Ey je mag een gegeven paard niet in de bek kijken ook al is het een abo van Blendle hahahahahahah,,2,0,2021-01-26 16:57:07.318140,blendle
1353626631718531072,en,2021-01-25 08:51:52.000000,BlendleDE,"@floordavid Hi David, did you take a look at the Spiegel edition of January 22th? If it's not in there, the article‚Ä¶ https://t.co/KSdHmHtxMy",Deutschland,0,0,2021-01-26 16:57:07.318151,blendle
1353606027069952000,nl,2021-01-25 07:30:00.000000,BlendleNL,"Coronacomplotten en de Capitool-bestorming leggen opnieuw bloot: wat online gezegd wordt, kan de democratie flink o‚Ä¶ https://t.co/OqPq1MA7f3",Utrecht,12,4,2021-01-26 16:57:07.318163,blendle
1353603488681484288,nl,2021-01-25 07:19:55.000000,thomasbruning,"Treffende column van @stevoakkerman uit Trouw: in een dictatuur is het de staat die de pers aanvalt, hier zijn het‚Ä¶ https://t.co/wMlDzZ1OAC",Amsterdam,3,0,2021-01-26 16:57:07.318174,blendle
1353598479528914945,nl,2021-01-25 07:00:00.000000,BlendleNL,"Is Nederland het groenste jongetje van de klas? Klimaatbeloftes doen lijkt vooralsnog makkelijker dan ze waarmaken,‚Ä¶ https://t.co/DpVWDhq4hu",Utrecht,1,0,2021-01-26 16:57:07.318185,blendle
1353587152366395392,nl,2021-01-25 06:15:00.000000,BlendleNL,"Maria zoekt haar vader, spermadonor K34, via de rechter. En die uitspraak zal grote gevolgen hebben voor andere don‚Ä¶ https://t.co/gtoctHyfkC",Utrecht,1,0,2021-01-26 16:57:07.318196,blendle
1353579602619355137,nl,2021-01-25 05:45:00.000000,BlendleNL,"Protesten Rusland en Nederland: columnist @StevoAkkerman ziet maar √©√©n √©chte dictatuur (@trouw). 

üì∏ Trouw

üëâ‚Ä¶ https://t.co/BVM0stnfGa",Utrecht,1,1,2021-01-26 16:57:07.318208,blendle
1353554487403827202,en,2021-01-25 04:05:12.000000,holofiche,"Read this article from The New York Times: For Harris, an Influential Voice and a Key Senate Vote https://t.co/RBG1BrWbQU",,0,0,2021-01-26 16:57:07.318219,blendle
1353554255349768192,en,2021-01-25 04:04:16.000000,holofiche,Read this article from The New York Times: Meet the Groundbreaking New Second Family https://t.co/ezUaunBGvj,,0,0,2021-01-26 16:57:07.318230,blendle
1353472955674734592,und,2021-01-24 22:41:13.000000,wijndelts,@Sulliview @opinion_joe @Blendle,Badhoevedorp-Oost,0,0,2021-01-26 16:57:07.318242,blendle
1353429247742726146,en,2021-01-24 19:47:32.000000,PDXProtestsBR,@GradPaula @soychicka @gtconway3d @ejeancarroll @jancornet1 @Tashka9 It exists! https://t.co/topVQjqRoY,,0,0,2021-01-26 16:57:07.318253,blendle
1353424289173794816,nl,2021-01-24 19:27:50.000000,BlendleNL,"üèÜ Vandaag het best gelezen op Blendle:

De column van @OzcanAkyol in het @ADnl over veilig stemmen tijdens de verki‚Ä¶ https://t.co/66Xe0G5ApQ",Utrecht,1,0,2021-01-26 16:57:07.318264,blendle
1353412400112750592,nl,2021-01-24 18:40:36.000000,upstairs60,Lees dit artikel uit VIVA: ‚ÄòIk dronk alleen in het weekend en toch was ik verslaafd ‚Äô https://t.co/4sufyqj0al,Holland,0,0,2021-01-26 16:57:07.318276,blendle
1353347304351293441,nl,2021-01-24 14:21:55.000000,CatwheelNL,Lees dit artikel uit AD: Stemmen https://t.co/FZ08g1LgmS,,0,0,2021-01-26 16:57:07.318287,blendle
1353341833447960578,nl,2021-01-24 14:00:11.000000,rudinq_,@AlexanderNL Geen Blendle meer op je tel @AlexanderNL?,üá∫üá∏ + üá≥üá±,0,0,2021-01-26 16:57:07.318299,blendle
1353336322623217664,und,2021-01-24 13:38:17.000000,nyyls369,@rsi99 @ulfposh @dieLinke @WELTAMSONNTAG @Blendle :),,0,0,2021-01-26 16:57:07.318310,blendle
1353324436074729472,nl,2021-01-24 12:51:03.000000,jacobienvWvB,"Lieve mensen,
Ondersteun de plaatselijke boekhandel door niet online te bestellen maar bij hen!  https://t.co/N6T090AZK5",Apeldoorn,0,0,2021-01-26 16:57:07.318321,blendle
1353319082389594113,de,2021-01-24 12:29:47.000000,RaffiReithofer,"Sind diese die h√§sslichen Bilder, von denen @sebastiankurz einst gesprochen hat? Man sollte die Dinge wohl eher bei‚Ä¶ https://t.co/6qBKEUCnRj",Steiermark,1,0,2021-01-26 16:57:07.318332,blendle
1353309483850735617,nl,2021-01-24 11:51:38.000000,bewustinbedrijf,Een verhelderend maar ook schrijnend artikel in de Volkskrant voor wie wil begrijpen hoe het komt dat er zo vaak fo‚Ä¶ https://t.co/q39lh3XgSS,"Arnhem, Netherlands",0,0,2021-01-26 16:57:07.318343,blendle
1353298441900879873,nl,2021-01-24 11:07:46.000000,josvanwijk,"Gooi de DSM overboord! 
Lees dit artikel uit de Volkskrant: Last van het verkeerde label https://t.co/eaDmtFtTF5",,0,0,2021-01-26 16:57:07.318355,blendle
1353296199344926723,nl,2021-01-24 10:58:51.000000,JanHenk038,Lees dit artikel uit de Volkskrant: 'Last van het verkeerde label' https://t.co/pKNPwPth8P,"Blijdorp, Rotterdam",2,0,2021-01-26 16:57:07.318384,blendle
1353287273534660608,nl,2021-01-24 10:23:23.000000,HansdeClercq,"Macht corrumpeert taal, po√´zie zuivert haar. Wellicht was Gormans voordracht geen po√´zie voor de eeuwigheid, maar w‚Ä¶ https://t.co/6XKQiqO21u",,1,0,2021-01-26 16:57:07.318396,blendle
1353285307899277312,nl,2021-01-24 10:15:34.000000,Patrick024,"Echt stuitend hoe media mannen en vrouwen in de politiek verschillend aanpakken! 

Lees dit artikel uit de Volkskra‚Ä¶ https://t.co/7DDrcloty2",Ewijk - Nijmegen ,0,0,2021-01-26 16:57:07.318408,blendle
1353278878811357184,de,2021-01-24 09:50:02.000000,arnoxcao,@dergazetteur blendle ist tbh zu teuer und umfasst nur print oder?,Neuk√∂lln,7,0,2021-01-26 16:57:07.318419,blendle
1353273716034179072,en,2021-01-24 09:29:31.000000,dergazetteur,@arnoxcao Blendle?,,5,0,2021-01-26 16:57:07.318431,blendle
1353261095360864256,nl,2021-01-24 08:39:22.000000,VioletFalkenbur,Lees dit artikel uit de Volkskrant: De vaccinexpert die een lont aansteekt https://t.co/XzNlQ36IdS,"Laren, Nederland",2,0,2021-01-26 16:57:07.318442,blendle
1353258137961291777,nl,2021-01-24 08:27:37.000000,Lodewijck2,"Wanneer men in ‚Å¶@deNLggz‚Å© land niet weet wat de pati√´nt mankeert, grijpt men naar de DSM, immers worden behandeling‚Ä¶ https://t.co/IVL838Wzc0",Citizen of the world,2,2,2021-01-26 16:57:07.318453,blendle
1353213964067418113,en,2021-01-24 05:32:05.000000,holofiche,Read this article from Chicago Tribune: Six minutes of poetry https://t.co/NXUPSZAGTZ,,0,0,2021-01-26 16:57:07.318464,blendle
1353171799266177025,nl,2021-01-24 02:44:32.000000,ReneDamkot,"Blendle. Bestaat dat nog?
Wauw. https://t.co/kMSu1hwVgj","iPhone: 52.221008,6.895315",4,0,2021-01-26 16:57:07.318476,blendle
1353130151849177093,nl,2021-01-23 23:59:02.000000,BobMaasNL,@vandervlies @stadsbewonor @BowineMichel @antonhein @roos020 @Blendle Ik was altijd van Langs de lijn en Radio Tour‚Ä¶ https://t.co/a7SzvzAkiS,Amsterdam,2,0,2021-01-26 16:57:07.318487,blendle
1353128795948126213,en,2021-01-23 23:53:39.000000,BobMaasNL,@vandervlies @stadsbewonor @BowineMichel @antonhein @roos020 @Blendle Precies!,Amsterdam,0,0,2021-01-26 16:57:07.318499,blendle
1353128544768053249,nl,2021-01-23 23:52:39.000000,vandervlies,@BobMaasNL @stadsbewonor @BowineMichel @antonhein @roos020 Blankenstein. Z‚Äôn zoon startte @Blendle,Amsterdam,1,0,2021-01-26 16:57:07.318510,blendle
1353060517665886212,nl,2021-01-23 19:22:20.000000,ThomasVerfuss,Lees dit artikel uit De Groene Amsterdammer: ‚ÄòWe moeten elkaar meer aanspreken‚Äô https://t.co/MoowvlnN7i,The Hague,0,0,2021-01-26 16:57:07.318521,blendle
1353038507426639873,nl,2021-01-23 17:54:53.000000,ReneWaning,@SjoerdMouissie @dvdeijk @annefleurdd @ndnl Blijft overigens wel jammer dat Blendle in de oude vorm niet meer besta‚Ä¶ https://t.co/MIKS0vd7es,Apeldoorn,1,0,2021-01-26 16:57:07.318542,blendle
1353010714156396544,nl,2021-01-23 16:04:26.000000,GvanR,Lees dit artikel uit Trouw: Geen toegang zonder bewijs van inenting is foute ingreep https://t.co/BlIU3KbdxY,Wijhe,0,0,2021-01-26 16:57:07.318553,blendle
1353007498366693378,nl,2021-01-23 15:51:39.000000,HeldenMagazine,"Nu een break inlassen is een moedig en inspirerend besluit. We wensen Tom veel geluk in zijn zoektocht üôè

Lees hier‚Ä¶ https://t.co/5ZjueQrwOa",Nederland,5,2,2021-01-26 16:57:07.318566,blendle
1352960188807065600,nl,2021-01-23 12:43:40.000000,FritsBroos,Lees dit artikel uit Trouw: De oudste democratie is ook de democratie met de oudste politici https://t.co/lmMbCKto4K https://t.co/LcTfYMiIbA,Zeeland,0,0,2021-01-26 16:57:07.318577,blendle
1352939427811762176,nl,2021-01-23 11:21:10.000000,cuijperscor,Lees dit artikel uit De Kanttekening: Het CDA Limburg moet direct de samenwerking met de PVV stoppen https://t.co/CQDEYIGtiF,,0,0,2021-01-26 16:57:07.318588,blendle
1352931480109019138,nl,2021-01-23 10:49:35.000000,AlidaBos,Lees dit artikel uit de Volkskrant: Van de luwte naar de storm https://t.co/A2S8szGpIb,"Netherlands, Leiden",0,0,2021-01-26 16:57:07.318599,blendle
1352921096295768066,nl,2021-01-23 10:08:20.000000,bvdhaterd,"@Leendert_Bos Als je uit gaat van de situatie nu, ja. Maar als je de historie kent van uitgevers en hun gevechten t‚Ä¶ https://t.co/Qa1Me2xEn7",Soest,0,0,2021-01-26 16:57:07.318610,blendle
1352919656911298561,nl,2021-01-23 10:02:36.000000,chgroenhuijsen,"Goed artikel in #Trouw over vergrijsde politieke elite in #Washington.
Bejaarde pluche-klevers met overdaad aan zev‚Ä¶ https://t.co/Dv8hqIKdbc","Utrecht, The Netherlands",4,3,2021-01-26 16:57:07.318621,blendle
1352916826896932864,nl,2021-01-23 09:51:22.000000,nicolieneb,Transparantie geeft vertrouwen... Lees dit artikel uit de Volkskrant: Van de luwte naar de storm https://t.co/LnibuzYrS3,Delfgauw / Rotterdam,0,0,2021-01-26 16:57:07.318632,blendle
1352891348395945985,no,2021-01-23 08:10:07.000000,MarkRaijmakers,Beste Mark Rutte https://t.co/WPSAGYOpsx,Den Haag,0,0,2021-01-26 16:57:07.318642,blendle
1352816220848992256,en,2021-01-23 03:11:35.000000,TheServiceConn1,SERVICE CONNECTED: FBI Continues to Zero-In on Masterminds of Deadly Seditious Assault on U.S. Capitol that Resulte‚Ä¶ https://t.co/vUQywQUxv7,,0,0,2021-01-26 16:57:07.318654,blendle
1352725219417464834,de,2021-01-22 21:09:59.000000,einfach_thomas,@KaiserKaro Blendle habe ich f√ºr sowas genutzt,Region Hannover,0,0,2021-01-26 16:57:07.318664,blendle
1352722999909249024,de,2021-01-22 21:01:10.000000,jnvnnbnn,"@KaiserKaro Blendle bietet nicht alle, aber viele Artikel aus vielen Zeitungen, Zeitschriften",Deutschland,0,0,2021-01-26 16:57:07.318684,blendle
1352722763539165184,de,2021-01-22 21:00:13.000000,Nember,"@KaiserKaro ""Blendle"" war mal sowas. Aber keine Ahnung, ob es das noch gibt bzw. wie gro√ü das Sortiment ist.","Hamburg, Deutschland",0,0,2021-01-26 16:57:07.318696,blendle
1352666929706770434,nl,2021-01-22 17:18:22.000000,Wilcorkes,Honderden vogels dood door windmolens... Lees dit artikel uit New Scientist: Een klap van de molen https://t.co/HmO40Yv1s6,,0,0,2021-01-26 16:57:07.318706,blendle
1352615482667524096,nl,2021-01-22 13:53:56.000000,135mm_EHV,"Net gelezen op Blendle: 'Blijf thuis', is het motto. Toch gaat ruim tweederde van de werkenden naar de zaak.(...) ""‚Ä¶ https://t.co/fqeNqXicOq",Eindhoven,9,3,2021-01-26 16:57:07.318717,blendle
1352615466066464770,de,2021-01-22 13:53:52.000000,Afelia,"@SidneyGennies @sappkookfreten @Tagesspiegel @focusonline Danke! Heute ist so wenig auf blendle zu finden, dass der Hinweis es wert ist!",M√ºnster,2,0,2021-01-26 16:57:07.318728,blendle
1352613682577072130,de,2021-01-22 13:46:46.000000,SidneyGennies,@sappkookfreten @Afelia @Tagesspiegel @focusonline Hier gibt's den Artikel einzeln f√ºr ein paar Cent zu kaufen  https://t.co/iQjikF97vd,Berlin,5,0,2021-01-26 16:57:07.318739,blendle
1352609130394038278,de,2021-01-22 13:28:41.000000,smrqdt,"@lsanoj Leider nicht alle, aber h√§ufig findet man die Artikel auf Blendle","Kladow, Berlin, Europe",0,0,2021-01-26 16:57:07.318750,blendle
1352602130360770561,de,2021-01-22 13:00:52.000000,Scaramouche1989,@JRehborn @nutellaberliner Auf Blendle ist er auch nicht...-.-,"Regensburg, Bayern",0,0,2021-01-26 16:57:07.318761,blendle
1352593496826400775,de,2021-01-22 12:26:34.000000,UEndruscheit,"@ImmerElsepe @Draugr @gwup @derspiegel @c_drosten Schaut mal auf Seiten wie Blendle oder iKiosk, da gibts noch manc‚Ä¶ https://t.co/NYkp5Byzr2","Essen, Nordrhein-Westfalen",0,0,2021-01-26 16:57:07.318771,blendle
1352584191125422080,nl,2021-01-22 11:49:35.000000,jjtbsomhorst,@jeroenhorlings @volkskrant Is een abonnee only artikel. Misschien dat ik mijn oude blendle account nog eens aanslinger...,Arnhem,0,0,2021-01-26 16:57:07.318782,blendle
1352583331603480576,nl,2021-01-22 11:46:10.000000,Jopinie,@dupays @mkeulemans @vk Bij de concurrent: https://t.co/Z27ZqgCQ2B,Amsterdam,2,0,2021-01-26 16:57:07.318792,blendle
1352577457438806017,nl,2021-01-22 11:22:50.000000,Mopperwezen,De Paniek van 1873 veranderde Amerika https://t.co/YFthrYPT8O,"Amsterdam, Nederland",0,0,2021-01-26 16:57:07.318804,blendle
1352574330329309184,nl,2021-01-22 11:10:24.000000,Security_Advies,"Massa's vaccins, waarom verloopt het prikken toch zo traag? Laten we 16 uur per dag spuiten!!! https://t.co/bOo3c2Y62g","Den Haag, NL",0,0,2021-01-26 16:57:07.318814,blendle
1352571674986770434,nl,2021-01-22 10:59:51.000000,CatwheelNL,Lees dit artikel uit De Groene Amsterdammer: ‚ÄòWe moeten elkaar meer aanspreken‚Äô https://t.co/9GyNHEvyZV,,0,0,2021-01-26 16:57:07.318825,blendle
1352567555806916608,nl,2021-01-22 10:43:29.000000,CatwheelNL,Lees dit artikel uit Trouw: Van wie is de Nijl? https://t.co/dDNL7cTRdE,,0,0,2021-01-26 16:57:07.318836,blendle
1352537669428011008,nl,2021-01-22 08:44:43.000000,nickklaessens,"'Elke dag drinken, maar minder dan voorheen. Dat is voor je hersenen een te zware klus.' 
(@JANmagazineNL, januari‚Ä¶ https://t.co/nxEKGlOl02","Haarlem, Nederland",0,0,2021-01-26 16:57:08.163699,blendle
1352524690208792577,nl,2021-01-22 07:53:09.000000,M_Kuipers,"Toen ik Zuid Soedan werkte vertelden de boeren over de droogte die ontstond na de Assoean dam, hun veekuddes werden‚Ä¶ https://t.co/c36ycOGX0U",Wageningen,1,1,2021-01-26 16:57:08.163741,blendle
1352523659978682368,de,2021-01-22 07:49:03.000000,OliverBWeber,Johann Hinrich Claussen rezensiert Hans Joas Widerrede zur Habermasschen Erz√§hlung einer ¬ªvermeintlichen Alternativ‚Ä¶ https://t.co/s2nFvKSlra,oliver@5webers.de,3,0,2021-01-26 16:57:08.163767,blendle
1352512689256468480,nl,2021-01-22 07:05:28.000000,NieuweRevu,"BLENDLE KLASSIEKER: Deze week getipt door Alexander Kl√∂pping en consorten als Blendle Klassieker, dit verhaal over‚Ä¶ https://t.co/Yqwjmy7lDa",,0,0,2021-01-26 16:57:08.163792,blendle
1352511287226470400,nl,2021-01-22 06:59:53.000000,pimcbe,Schade COVID-19 ongeveer 10 triljard euro over de hele wereld.  https://t.co/HtqaFo2kyM,"Amsterdam, Mumbai, Sao Paolo,",0,0,2021-01-26 16:57:08.163815,blendle
1352508157323579393,nl,2021-01-22 06:47:27.000000,marijnfietst,"@Marloes Nee üôÑ
Want ‚ÄòOndernemingsvrijheid is een fundamenteel recht‚Äô. 
Ik weet het goed gemaakt: als dat zo is, sta‚Ä¶ https://t.co/2yTJyY0bSv","Zwolle, Overijssel",12,0,2021-01-26 16:57:08.163837,blendle
1352505610080817152,nl,2021-01-22 06:37:20.000000,nicolieneb,Lees dit artikel uit Vrij Nederland: Beste Mark https://t.co/58QGCSQRe5,Delfgauw / Rotterdam,0,0,2021-01-26 16:57:08.163860,blendle
1352499988782309376,nl,2021-01-22 06:15:00.000000,BlendleNL,Wat als Rutte wordt herkozen? Deze schrijvers blikken vooruit. ‚ÄòHet is nog geen nalatenschap voor de geschiedenisbo‚Ä¶ https://t.co/x9mPKByI0J,Utrecht,1,0,2021-01-26 16:57:08.163884,blendle
1352491935785598976,nl,2021-01-22 05:43:00.000000,BlendleNL,"Waarom we achterlopen op ons vaccinplan (terwijl de voorraad uitpuilt) (@ADnl)

üëâ https://t.co/XenJ3MjKuQ https://t.co/SOA3nSFtl4",Utrecht,1,0,2021-01-26 16:57:08.163907,blendle
1352467734320140288,und,2021-01-22 04:06:50.000000,kannapoix,https://t.co/52LTioAbQf,Tokyo,0,0,2021-01-26 16:57:08.163929,blendle
1352467637830176770,ja,2021-01-22 04:06:27.000000,kannapoix,Blendle „ÅØ UX „Åô„Åî„ÅÑËâØ„Åè„Å¶„ÄÅ„ÅÑ„Å°„ÅÑ„Å°Ë®ò‰∫ã„ÇíË≥ºÂÖ•„Åô„Çã„ÅãÁ¢∫Ë™ç„Åï„Çå„Åö„ÄÅËá™Âãï„ÅßË™≤Èáë„Åï„Çå„Çã„ÄÇ„Åß„ÇÇÈñìÈÅï„Åà„Å¶Èñã„ÅÑ„Å¶„Åó„Åæ„Å£„Å¶„ÇÇ„ÄÅ„Åô„ÅêÈñâ„Åò„Çå„Å∞„ÄÅË™≤Èáë„ÅØ„Åï„Çå„Å™„ÅÑ„ÄÇ„Åæ„ÅÇ„É¶„Éº„Ç∂„Éº„ÅÆ„Åü„ÇÅ„Å†„Åë„Åß„ÅØ„Å™„Åè„ÄÅ„Çµ„Éº„Éì„Çπ„Å®„Åó„Å¶„ÇÇ„Åì„ÅÆ„Çà„ÅÜ„Å™‰ΩìÈ®ì„ÅÆ„Åª„ÅÜ„ÅåË®ò‰∫ã„ÅØÂ£≤„Çå„Çã„Å†„Çç„ÅÜ„Åã win-win „Å™„ÅÆ„Åã„Å™„ÄÇ,Tokyo,3,1,2021-01-26 16:57:08.163951,blendle
1352338691822288896,nl,2021-01-21 19:34:04.000000,BlendleNL,"üèÜ Vandaag het beste gelezen üèÜ

Asscher kon vertrekken, Rutte zit nog stevig op z‚Äôn plek. Waarom de VVD onkwetsbaar‚Ä¶ https://t.co/m3C03AwPCS",Utrecht,7,2,2021-01-26 16:57:08.163973,blendle
1352332947001630720,en,2021-01-21 19:11:14.000000,jewilmeer,"@jkreeftmeijer At Blendle every repo has a script folder with these commands. Idea is based on
https://t.co/vadLKIbP2o",Utrecht,1,0,2021-01-26 16:57:08.163995,blendle
1352332769117036545,nl,2021-01-21 19:10:31.000000,mboudry,"@DieterDeCleene Ah, inderdaad, ik las het volledige stuk via Blendle, maar ik heb blijkbaar de andere link gedeeld.  https://t.co/sjKUsTOIM5",Gent,1,0,2021-01-26 16:57:08.164017,blendle
1352202699408863232,nl,2021-01-21 10:33:40.000000,AnitaKuppens,Waarin Rutte's onkwetsbaarheid schuilt? Hij belichaamt geen ideaal en is dus ook nooit het gezicht van een oplossin‚Ä¶ https://t.co/8YUvrta6hi,Nijmegen,1,0,2021-01-26 16:57:08.164038,blendle
1352191509437808642,nl,2021-01-21 09:49:13.000000,AnitaKuppens,Dunya uit Dunya en Desie: Maryam Hassouni ‚ÄòIk heb geen partner en kinderen nodig om gelukkig te zijn‚Äô https://t.co/IPUGrT0Ft6,Nijmegen,0,0,2021-01-26 16:57:08.164060,blendle
1352156674329616384,nl,2021-01-21 07:30:47.000000,Security_Advies,Een brief aan onze premier: Beste Mark https://t.co/drYr3q5PDj,"Den Haag, NL",0,0,2021-01-26 16:57:08.164082,blendle
1352130051194589184,nl,2021-01-21 05:45:00.000000,BlendleNL,"Biden wil de Staten weer verenigen. ‚ÄòPolitiek hoeft geen oorlog te zijn‚Äô (@destandaard)

üëâ https://t.co/1ofdkkoQLR https://t.co/rmIm9E3XUF",Utrecht,1,0,2021-01-26 16:57:08.164103,blendle
1352025303149903878,nl,2021-01-20 22:48:46.000000,clytamnestra81,"@obk Heel mooi ü•∞: geen korte clickbait meer, maar een chique titel.
Als je goede artikelen schrijft geeft het helem‚Ä¶ https://t.co/ifsJoNB4Nr",,1,0,2021-01-26 16:57:08.164125,blendle
1352006101315837962,nl,2021-01-20 21:32:28.000000,Williamvz,"Lees dit artikel uit 360 Magazine: Welkom in het mysterieuze Sovjet-spookstadje Pyramiden, waar overtuigingen belan‚Ä¶ https://t.co/UTUDLcj3iR",Not really on a plane now,0,0,2021-01-26 16:57:08.164148,blendle
1352005823078293506,nl,2021-01-20 21:31:21.000000,MarkV,@peterknol @erwblo @jdiepenmaat @Blendle Heej wat tof. Wij schrijven ons boek over zelfsturing in Notion. Dat wilde‚Ä¶ https://t.co/wrhyHUNzIh,"Groningen, The Netherlands",1,0,2021-01-26 16:57:08.164170,blendle
1351999985898893327,nl,2021-01-20 21:08:10.000000,gekekiers,@JanHenk038 Interessant. Helaas is mijn Max aantal trouw artikelen op.Ik hoop dat blendle het artikel morgen heeft.,gemeente Westerveld ,1,0,2021-01-26 16:57:08.164192,blendle
1351997402350280704,nl,2021-01-20 20:57:54.000000,peterknol,@erwblo @MarkV @jdiepenmaat die van @Blendle ? https://t.co/lkZ9sHAPwm,Utrecht,2,0,2021-01-26 16:57:08.164213,blendle
1351980381088718850,nl,2021-01-20 19:50:16.000000,BlendleNL,"üèÜ Vandaag het best gelezen op Blendle:

Waarom de avondklok opeens wel een serieuze optie werd, schreven‚Ä¶ https://t.co/zFR1rool7v",Utrecht,1,0,2021-01-26 16:57:08.164235,blendle
1351976165330870272,nl,2021-01-20 19:33:30.000000,JansHieke,Lees dit artikel uit Panorama: KOMT CEVDET Y. NU ECHT VRIJ? https://t.co/5EA0UtM7q7,,0,0,2021-01-26 16:57:08.164258,blendle
1351947931461545984,nl,2021-01-20 17:41:19.000000,cuijperscor,Lees dit artikel uit De Standaard: ‚ÄòExtreme idee√´n verbergen zich achter een keurig uiterlijk‚Äô https://t.co/obXrmKEeGG,,0,0,2021-01-26 16:57:08.164279,blendle
1351922436275625984,nl,2021-01-20 16:00:00.000000,BlendleNL,"Biden mag dan aantreden, Trump is nog niet van het podium verdwenen. Volgens @arnonyy Gr√ºnberg komt dat door onze v‚Ä¶ https://t.co/zfWiJrTPgj",Utrecht,3,2,2021-01-26 16:57:08.164301,blendle
1351918376638152710,de,2021-01-20 15:43:53.000000,bildoperationen,@rob_heinze @dawwidd Bei Blendle? H√§ufig kriegt man die ja noch wieder zur√ºck,Berlin,1,0,2021-01-26 16:57:08.164326,blendle
1351899002384633861,nl,2021-01-20 14:26:53.000000,altim,@MerelRoze @obk Blendle-koppen in print: Hoe de Volkskrant zijn koppen aanpaste aan de 21e eeuw en waarom dat goed nieuws is.,,2,0,2021-01-26 16:57:08.164348,blendle
1351882740795367427,nl,2021-01-20 13:22:16.000000,cuijperscor,@TofThissen @PieterOmtzigt Wat voor mij de politiek zo ongeloofwaardig maakt is dit wat in het artikel staat: geen‚Ä¶ https://t.co/EkJXp2OgSd,,0,0,2021-01-26 16:57:08.164370,blendle
1351881921672962048,nl,2021-01-20 13:19:01.000000,cuijperscor,Lees dit artikel uit de Volkskrant: Ruttes grootste tegenstander: Omtzigt https://t.co/BIJZUNPHgB,,0,0,2021-01-26 16:57:08.164391,blendle
1351861634902310913,nl,2021-01-20 11:58:24.000000,sschouwenaars,En dan staan we ook nog in de Panorama van deze week. Hopelijk kunnen jullie deze link openen. En anders toch even‚Ä¶ https://t.co/6uuxd2epL9,Oostburg,2,0,2021-01-26 16:57:08.164413,blendle
1351825668473049088,de,2021-01-20 09:35:29.000000,OliverBWeber,¬ªBesser kann man ein umstrittenes Thema wie Kants Rassismus gar nicht akademisch behandeln. Eigentlich.¬´ @Fionnindy‚Ä¶ https://t.co/kLyQdYmgdD,oliver@5webers.de,12,6,2021-01-26 16:57:08.164434,blendle
1351822014164721664,de,2021-01-20 09:20:58.000000,OliverBWeber,"Verena Lueken im heutigen @FAZ_Feuilleton √ºber die Schwierigkeit Bidens, den Bruch des amerikanischen Mythos in die‚Ä¶ https://t.co/wC7aMOJ9Yu",oliver@5webers.de,2,0,2021-01-26 16:57:08.164455,blendle
1351820862434004992,nl,2021-01-20 09:16:23.000000,bashakker,@obk De lange kop is natuurlijk bedacht door Blendle...,,0,0,2021-01-26 16:57:08.164477,blendle
1351794087746129920,nl,2021-01-20 07:30:00.000000,BlendleNL,"Wat opvalt aan de ploeg rondom Biden: veel ervaring, vrij divers en met veel bekenden uit de regering van Obama.‚Ä¶ https://t.co/oGAaxLKTO1",Utrecht,0,0,2021-01-26 16:57:08.164499,blendle
1351793432134615040,en,2021-01-20 07:27:23.000000,ankesiegers,We hopen dat t rustig blijft in Amerika vandaag.. Lees dit artikel uit The New York Times: Biden Seeks Quick Start‚Ä¶ https://t.co/ZCVCb6lh9Y,nederland,0,0,2021-01-26 16:57:08.164521,blendle
1351786542344200192,nl,2021-01-20 07:00:01.000000,BlendleNL,CDA‚Äôer Pieter Omtzigt hield zich tijdens het debat over de toeslagenaffaire niet in. ‚ÄòDit is de nieuwe Rutte-doctri‚Ä¶ https://t.co/dPPW8pny6r,Utrecht,0,2,2021-01-26 16:57:08.164542,blendle
1351775213218791425,nl,2021-01-20 06:15:00.000000,BlendleNL,Hoe Joe Biden met hulp van de Senaat weleens een hoop voor elkaar zou kunnen krijgen. Dat schrijft @MickPersson voo‚Ä¶ https://t.co/ozxEaqmWgm,Utrecht,1,0,2021-01-26 16:57:08.164564,blendle
1351767663278780416,nl,2021-01-20 05:45:00.000000,BlendleNL,Voor de jaarwisseling was de avondklok verre van een re√´le optie. Maar tijden veranderen snel: waarom de avondklok‚Ä¶ https://t.co/pRvE7tMFjq,Utrecht,1,2,2021-01-26 16:57:08.164586,blendle
1351639702969982977,en,2021-01-19 21:16:32.000000,FineDoggoNoT,@televiseanarchy @Flomousy @Dan_P_wizwitout @yashar That's basically what blendle tried to do with micropayments fo‚Ä¶ https://t.co/TcD4GwQmci,,1,0,2021-01-26 16:57:08.164607,blendle
1351560047155929095,nl,2021-01-19 16:00:00.000000,BlendleNL,"Niet de woede van de demonstranten op het Museumplein zou de aandacht moeten krijgen, schrijft @OzcanAkyol. Wel hun‚Ä¶ https://t.co/4udsYY0tze",Utrecht,1,1,2021-01-26 16:57:08.164629,blendle
1351551293169528833,nl,2021-01-19 15:25:13.000000,FidelGavilan,"Lees dit artikel uit De Nederlandse Boekengids: ""Verwacht het niet van de superrijken"" https://t.co/2L2msA4Cd9",GENT,2,0,2021-01-26 16:57:08.164651,blendle
1351550240852213760,de,2021-01-19 15:21:02.000000,BlendleDE,"Pr√§sident Trumps vierj√§hrige Amtszeit hinterl√§sst bleibende Spuren ‚Äì nicht nur in den USA selber, sondern weltweit.‚Ä¶ https://t.co/aAs54uFJNs",Deutschland,0,0,2021-01-26 16:57:08.164672,blendle
1351547204025131008,nl,2021-01-19 15:08:58.000000,Angelagroothuiz,Lees dit artikel uit VARAgids: Tegelijkertijd https://t.co/hb4Vxp3Eoh,Amsterdam,0,0,2021-01-26 16:57:08.164693,blendle
1351542147938455553,nl,2021-01-19 14:48:53.000000,BasSchnater,@nandokasteleijn Het zal na een aantal jaren vast een soort film-Blendle op gaan leveren (bij het gebrek aan een beter voorbeeld),"Amsterdam, Nederland",0,0,2021-01-26 16:57:08.164714,blendle
1351535376842825729,nl,2021-01-19 14:21:58.000000,daanriver,@jdiepenmaat Eigenlijk alleen als ik inspiratie zoek voor ons eigen handboek. Ik heb laatst die van Blendle bekeken.,üá≥üá± ,1,0,2021-01-26 16:57:08.164736,blendle
1351500137307250688,nl,2021-01-19 12:01:57.000000,Tovertaal,@MargotReesink @Corsicamore @FilterVertalen @Auteurs_bond @Letterenfonds @ELVertalen https://t.co/wzuOv66Y0i (Blend‚Ä¶ https://t.co/S6Y7h0BabL,"wereld, wereld!",4,0,2021-01-26 16:57:08.164757,blendle
1351496677660766210,nl,2021-01-19 11:48:12.000000,BryanBerendsen,"@jdiepenmaat Zeker interessant, omdat ik van mening ben dat ik er juist als persoon wat van kan leren. Bijv. na het‚Ä¶ https://t.co/eWQOmOKYpE","Arnhem, Nederland",1,0,2021-01-26 16:57:08.164778,blendle
1351493861173030912,nl,2021-01-19 11:37:00.000000,Vivscontent,"‚ÄòHet klinkt hard, maar ik wilde dat het afgelopen was‚Äô Nu ‚Å¶@Reporters_nl‚Å© Online: De man van deze vrouw raakte in‚Ä¶ https://t.co/mlOM23uZVI",Utrecht,0,1,2021-01-26 16:57:08.164803,blendle
1351469034823426049,nl,2021-01-19 09:58:21.000000,JorisRood,@erwblo @jdiepenmaat Blendle heeft naar mijn weten ook aardig groot en leuk digitaal handboek,Amsterdam,0,0,2021-01-26 16:57:08.164826,blendle
1351467618222432257,nl,2021-01-19 09:52:43.000000,Mopperwezen,Tegelijkertijd https://t.co/bKDM9pbN4n,"Amsterdam, Nederland",0,0,2021-01-26 16:57:08.164848,blendle
1351456305538621442,nl,2021-01-19 09:07:46.000000,DaanAssen,"@jdiepenmaat Ja, we zijn toevallig zelf bezig met een employee handbook. Hebben ook de publieke  van Blendle &amp; Basecamp bekeken.",Netherlands,0,0,2021-01-26 16:57:08.164869,blendle
1351453660908294144,nl,2021-01-19 08:57:16.000000,Praesensabsens,Gevaarlijk https://t.co/A3kaQolE5b,The Netherlands,0,0,2021-01-26 16:57:08.164891,blendle
1351453576242069507,nl,2021-01-19 08:56:56.000000,litux,"Gevaarlijk https://t.co/th9gXQhqrN ""Te veel mensen balanceren momenteel mentaal op de rand van een ravijn en dreige‚Ä¶ https://t.co/6Upz5cTDM0",Utrecht,0,0,2021-01-26 16:57:08.164912,blendle
1351437353785634816,nl,2021-01-19 07:52:28.000000,pimcbe,"Soms kan het niet anders, over morele moed van de Monchyschool in barre tijden.  https://t.co/hy9oxi33Tk","Amsterdam, Mumbai, Sao Paolo,",0,0,2021-01-26 16:57:08.164933,blendle
1351435898924261377,nl,2021-01-19 07:46:41.000000,Anja_Vink,Jarenlang kon het afglijden van ons onderwijs weinig mensen iets schelen (via blendle) https://t.co/Ha9HEGD3fO,Damsko,0,0,2021-01-26 16:57:08.164954,blendle
1351433728258691073,nl,2021-01-19 07:38:03.000000,BlendleNL,"@vijgepunt Hi Miriam, goed dat je het vraagt! Om toegang te krijgen tot Blendle heb je als basis een Premium-abonne‚Ä¶ https://t.co/KgSSWxUP6n",Utrecht,0,0,2021-01-26 16:57:08.164975,blendle
1351431699855380480,nl,2021-01-19 07:30:00.000000,BlendleNL,Hoe ver gaat Poetin om zijn grootste vijand Navalny monddood te maken? ‚ÄòIdealiter houdt men hem in constante angst‚Äô‚Ä¶ https://t.co/IvfsC0xc3A,Utrecht,0,0,2021-01-26 16:57:08.164996,blendle
1351431218097696774,nl,2021-01-19 07:28:05.000000,vittoriobusato,Lees dit artikel uit AD: Gevaarlijk https://t.co/MSD2ggQbVj,Amsterdam,0,0,2021-01-26 16:57:08.165017,blendle
1351424153555935232,nl,2021-01-19 07:00:01.000000,BlendleNL,Ondanks de lockdown laat deze school toch alle kinderen naar school komen; het thuisonderwijs werkt namelijk echt n‚Ä¶ https://t.co/0D0M1rpG7A,Utrecht,0,1,2021-01-26 16:57:08.165038,blendle
1351412825218928640,nl,2021-01-19 06:15:00.000000,BlendleNL,"Dit is Lilianne Ploumen, de nieuwe lijsttrekker van de PvdA: feminist, strijder tegen onrecht en niet bang voor de‚Ä¶ https://t.co/oC2xe61WNy",Utrecht,2,0,2021-01-26 16:57:08.165058,blendle
1351405275392200708,nl,2021-01-19 05:45:00.000000,BlendleNL,"De cel, of de herverkiezing? Deze stunts kan je nog van Trump verwachten, schrijft @bert_lanting in de @volkskrant.‚Ä¶ https://t.co/WIpQIwAvI0",Utrecht,0,0,2021-01-26 16:57:08.165079,blendle
1354069982041300996,fr,2021-01-26 14:13:35.000000,Mellemoizelle,"UP DATE TO DO LISTE pr√© confifi3
‚úîÔ∏ècoloration en cours 
‚≠ïÔ∏è acheter capotes (ON √áAY JAMAIS)
‚≠ïÔ∏è v√©rifier abonnement N‚Ä¶ https://t.co/0jA3bIWo96","Ile-de-France, France",0,0,2021-01-26 16:57:09.321924,cafeyn
1354028815438270464,fr,2021-01-26 11:30:00.000000,cafeyn_fr,"Avec la #Covid, la solitude peut d√©finitivement s‚Äôinstaller, comment les #hopitaux peuvent √©viter l'#isolement des‚Ä¶ https://t.co/emarQG3yZl",France,0,0,2021-01-26 16:57:09.321967,cafeyn
1354014710413324288,fr,2021-01-26 10:33:57.000000,DLDents,"@cafeyn_fr @robinkorda Ca me semblait √©tonnant, mais je viens de v√©rifier : le nom de l'auteur n'apparait pas dans‚Ä¶ https://t.co/YtKgiiMkB2",,0,0,2021-01-26 16:57:09.321992,cafeyn
1354008583734784000,fr,2021-01-26 10:09:37.000000,curieuxphilippe,"Le Point : Mila. ¬´‚Äâ√áa fait un an que j‚Äôai perdu ma vie‚Äâ¬ª
 https://t.co/FWQCKahFIW",France,0,0,2021-01-26 16:57:09.322017,cafeyn
1353992692045410305,fr,2021-01-26 09:06:28.000000,robinkorda,@DLDents @cafeyn_fr oui c'est bien moi ;) merci pour votre retour. Bonne journ√©e !,,1,0,2021-01-26 16:57:09.322039,cafeyn
1353992263320424448,fr,2021-01-26 09:04:46.000000,cafeyn_fr,"@DLDents @robinkorda Bonjour @DLDents, le nom de l'auteur figure bel et bien, comme c'est le cas pour tous les cont‚Ä¶ https://t.co/FBQ76CG7mh",France,0,0,2021-01-26 16:57:09.322062,cafeyn
1353991084792274946,fr,2021-01-26 09:00:05.000000,cafeyn_fr,"#Destitution de Donald #Trump : le S√©nat am√©ricain officiellement saisi.
Cette √©tape ouvre officiellement le proc√®s‚Ä¶ https://t.co/eagWmzRgbX",France,0,0,2021-01-26 16:57:09.322085,cafeyn
1353986842228617216,fr,2021-01-26 08:43:13.000000,cafeyn_fr,¬´Un reconfinement annonc√© mercredi¬ª : le maire de Cabourg cr√©e un imbroglio avec une vid√©o. Tristan Duval a sem√© le‚Ä¶ https://t.co/CoHoEtKt91,France,0,0,2021-01-26 16:57:09.322108,cafeyn
1353941021814611968,fr,2021-01-26 05:41:09.000000,DLDents,"A priori @robinkorda.
Je viens de me rendre compte que sur @cafeyn_fr , le nom des auteurs n‚Äôapparait pas. Ce qui est nul.",,0,0,2021-01-26 16:57:09.322130,cafeyn
1353939755478749185,fr,2021-01-26 05:36:07.000000,DLDents,"Article tr√®s complet.
Qui l‚Äôa sign√©, svp ?

Au passage, ne cliquez pas sur les articles de blog de France soir, m√™m‚Ä¶ https://t.co/QNZ5zJET2f",,7,0,2021-01-26 16:57:09.322153,cafeyn
1353937209439752192,fr,2021-01-26 05:26:00.000000,RobertG39346770,@REDbySFR vous contacter pour un probl√®me. Mon option CAFEYN sur abonnement BOX RED ne m'identifie plus alors que option jusqu'au 31/01/2021,,0,0,2021-01-26 16:57:09.322175,cafeyn
1353820452272140290,fr,2021-01-25 21:42:03.000000,IsaHC2B,@Aerarium20 Ok je regarderai ds Cafeyn il y est je crois ... üôÑ,PACA,1,0,2021-01-26 16:57:09.322198,cafeyn
1353744451211046919,fr,2021-01-25 16:40:03.000000,UlysseBD,"@gonzague @le_Parisien √âvidemment, jamais, personne n‚Äôa exploit√© de cette faille...

(Aussi, je tiens √† pr√©ciser qu‚Ä¶ https://t.co/MgZ5hqiyNF",,1,0,2021-01-26 16:57:09.322220,cafeyn
1353728361546330113,fr,2021-01-25 15:36:07.000000,InfoAbonneCanal,"@BFLORIMOND Bonjour, pouvez-vous vous r√©installer l'appli Cafeyn et me tenir inform√© ?",France,0,0,2021-01-26 16:57:09.322242,cafeyn
1353702749410619399,fr,2021-01-25 13:54:20.000000,Mellemoizelle,"TO DO LISTE pr√© confifi3
‚≠ïÔ∏è prendre RDV coiffeur 
‚≠ïÔ∏è acheter capotes (ON √áAY JAMAIS)
‚≠ïÔ∏è v√©rifier abonnement NETFLIX‚Ä¶ https://t.co/8UsdNtPECR","Ile-de-France, France",2,0,2021-01-26 16:57:09.322264,cafeyn
1353683312821358594,fr,2021-01-25 12:37:06.000000,GuillaumeCahour,@AriAssuied On ne peut pas lire les Unes sur la page d'accueil (trop petit en vignette). Ce serait super de pouvoir‚Ä¶ https://t.co/UROCK3DTA1,"Paris, France",0,0,2021-01-26 16:57:09.322285,cafeyn
1353680973788045312,fr,2021-01-25 12:27:48.000000,barbapa46434097,@PerrineST Je ne connais pas mais j‚Äôai Cafeyn üòâ,France ,0,0,2021-01-26 16:57:09.322307,cafeyn
1353666797271191553,fr,2021-01-25 11:31:29.000000,Forcats1,"Eaux us√©es: la carte qui permet de pr√©dire l'√©volution de l'√©pid√©mie de Covid-19 en France
 https://t.co/R7FYAcEHom","Saint-Pierre-dels-Forcats, France",0,0,2021-01-26 16:57:09.322330,cafeyn
1353665121231523841,fr,2021-01-25 11:24:49.000000,MichelM35529787,Sud Ouest Bordeaux Agglo : Le RN manifeste contre l‚Äôimmigration https://t.co/AwaQ4SWNYn,Chr√©tien d'Europe,0,0,2021-01-26 16:57:09.322352,cafeyn
1353657382648352774,fr,2021-01-25 10:54:04.000000,Sastien_BD,"Des fois je me dis ""tiens, je m'abonnerais bien √† un magazine"", genre SoFilm, Society, CinemaTeaser...

Et puis je‚Ä¶ https://t.co/a9jNL64Qre",,3,0,2021-01-26 16:57:09.322374,cafeyn
1353642404318998533,es,2021-01-25 09:54:33.000000,rrozalen,Yumpu News es la #plataforma que se presenta como un #Spotify para #editores. Empresa originalmente de #tecnolog√≠a‚Ä¶ https://t.co/rNJNK0Nv4H,"Madrid, Spain",1,0,2021-01-26 16:57:09.322396,cafeyn
1353640534989041665,fr,2021-01-25 09:47:07.000000,cafeyn_fr,Comment r√©pondre aux impacts d‚Äôun #climat plus violent et impr√©visible ? Le #sommet pour l‚Äôadaptation climatique se‚Ä¶ https://t.co/9G5ceUCgCJ,France,0,0,2021-01-26 16:57:09.322418,cafeyn
1353635985683308544,fr,2021-01-25 09:29:02.000000,cafeyn_fr,"#Confinement saison 3 : ¬´ La d√©cision est sur le point d‚Äô√™tre prise. ¬ª Face √† la menace du variant anglais, de nouv‚Ä¶ https://t.co/Ez3ssm0gqs",France,0,1,2021-01-26 16:57:09.322440,cafeyn
1353630102756720640,fr,2021-01-25 09:05:40.000000,FarrugiaChristi,"L‚Äô√©conomie sociale et solidaire, un mod√®le √©conomique qui marche

https://t.co/w7Z3Txcv4c",Paris,0,0,2021-01-26 16:57:09.322461,cafeyn
1353627314148438016,cy,2021-01-25 08:54:35.000000,itsmewuzbie1213,CafeynüòÇ,,0,0,2021-01-26 16:57:09.322482,cafeyn
1353606601698127873,fr,2021-01-25 07:32:17.000000,vignon_caroline,Bonjour du matin. Avec le premier caf√© j'ai lu cet article de @LEXPRESS  et j'imagine dans 2000 ans si il y a encor‚Ä¶ https://t.co/m40oRgpvk3,"Rennes, France",0,0,2021-01-26 16:57:09.322504,cafeyn
1353483043097497601,fr,2021-01-24 23:21:18.000000,cyrielletlm,"Lib√©ration : Soins capillaires Les hommes noirs enfin dans la boucle
#cheveux (mon obsession de fausse lisse) https://t.co/rek6QL6sOZ",Paris,0,0,2021-01-26 16:57:09.322526,cafeyn
1353451342635872256,fr,2021-01-24 21:15:20.000000,MaillardRosy,L‚ÄôEclair des Pyr√©n√©es : Le notaire a mis en vente le golf de Sus apr√®s sa liquidation d√©finitive https://t.co/DykbelleHj,,1,0,2021-01-26 16:57:09.322548,cafeyn
1353448201588776960,fr,2021-01-24 21:02:51.000000,Lakdar4,"@Le_Figaro
Le film La Cha√Æne c'est avec Sidney Poitier et non pas Harry Bellafonte.
Mais merci pour ce papier sur T‚Ä¶ https://t.co/ig27SrWKse",Paris,0,0,2021-01-26 16:57:09.322570,cafeyn
1353442513722298370,fr,2021-01-24 20:40:15.000000,PierreDujol,"L'Express : Taille patron. Tony Parker, le nouveau parrain du sport business ‚Å¶@tonyparker‚Å© #nba #basket #business‚Ä¶ https://t.co/PwYSCuL2yv",Lyon,0,0,2021-01-26 16:57:09.322591,cafeyn
1353433077398310919,fr,2021-01-24 20:02:45.000000,BTFR,"A lire l‚Äôinterview De Mathieu Laine, essayiste lib√©ral* dans le JDD qui pr√¥ne l‚Äôarr√™t de l‚Äôinfantilisation de l‚ÄôEta‚Ä¶ https://t.co/tls9qv0tY1",Paris,0,1,2021-01-26 16:57:09.322613,cafeyn
1353375775446102018,fr,2021-01-24 16:15:04.000000,gip89,J'en ai lu des conneries mais alors celle l√†... chapeau l'artiste. Le Journal du Dimanche : INTERVIEW. Mathieu Lain‚Ä¶ https://t.co/zvtGRswUQZ,Paris (France),0,1,2021-01-26 16:57:09.322635,cafeyn
1353342422894436352,fr,2021-01-24 14:02:32.000000,leosporting14,"@Moryotis Cafeyn ""kiosque num√©rique"", + abonnements num√©riques √† @LesEchos et @lemondefr",,1,0,2021-01-26 16:57:09.322657,cafeyn
1353329922077581313,fr,2021-01-24 13:12:51.000000,GabrieleModiano,"Le Parisien Paris : Les politiques ont le blues
 https://t.co/VFRpzXFAEi",,0,0,2021-01-26 16:57:09.322678,cafeyn
1353328374895300608,fr,2021-01-24 13:06:42.000000,CollageJocelyn,Penser √† d√©sactiver les notifications Cafeyn... ü•∂ https://t.co/uzfr1UzL1q,Paris,2,1,2021-01-26 16:57:09.322700,cafeyn
1353296812086591489,fr,2021-01-24 11:01:17.000000,omerrot,"Le Journal du Dimanche : √Ä LA D√âCOUVERTE DES VISAGES ENGLOUTIS
@DeCaires Taylor https://t.co/vZOq31Obah",Plan√®te Terre ,0,0,2021-01-26 16:57:09.322721,cafeyn
1353294478866587649,fr,2021-01-24 10:52:01.000000,cedre48,@canalplus Seb y a pas que √ßa ! Journaux cafeyn l equipe ...  netflix disney plus sport ... ! Le produit est complet !,paris et sud !,0,0,2021-01-26 16:57:09.322743,cafeyn
1353269419024257024,fr,2021-01-24 09:12:26.000000,batmaaaan51,@ThePenDontLie Je vais regarder via Cafeyn.merci üòÉ,,0,0,2021-01-26 16:57:09.322765,cafeyn
1353261713374773248,fr,2021-01-24 08:41:49.000000,ProfLeluherne,"Le Journal du Dimanche : √Ä l‚Äôinfirmerie, les √©l√®ves confient leurs id√©es noires #covid19 indispensable #care
 https://t.co/aP5EvBZeqP","Chartres, France",0,0,2021-01-26 16:57:09.322787,cafeyn
1353252273359618048,fr,2021-01-24 08:04:18.000000,michelo963,"L'Express : Le Mali n‚Äôest pas notre Afghanistan
 https://t.co/vFXPre5KEH","Le Mans, France",0,0,2021-01-26 16:57:09.322809,cafeyn
1353214162990755840,fr,2021-01-24 05:32:52.000000,stephgaelis,"Le Journal du Dimanche : INTERVIEW. Mathieu Laine, essayiste lib√©ral* ¬´ Qu‚Äôon nous explique comment f√™ter No√´l est‚Ä¶ https://t.co/WbX4VEqsF4",Nord,1,1,2021-01-26 16:57:09.322832,cafeyn
1352933943822213121,fr,2021-01-23 10:59:23.000000,cafeyn_fr,"#Russie : des dizaines d‚Äôopposants arr√™t√©s lors de manifestations pro-Navalny
https://t.co/3SQbMzttCP #Navalny https://t.co/rPfSkNhSkX",France,0,0,2021-01-26 16:57:09.322853,cafeyn
1352910600935006208,fr,2021-01-23 09:26:37.000000,vignon_caroline,Bonjour du matin-tard. Tu lis quoi avec le premier caf√© ? Moi j'ai trouv√© dans @le_Parisien via @cafeyn_fr un artic‚Ä¶ https://t.co/3aTr1VilTo,"Rennes, France",10,0,2021-01-26 16:57:09.322875,cafeyn
1352885500437266432,fr,2021-01-23 07:46:53.000000,EricDubois,@amaisetti @libe ok merci je vais  regarder sur Cafeyn  bon w e,Joinville le pont,0,0,2021-01-26 16:57:09.322897,cafeyn
1352665380888707077,fr,2021-01-22 17:12:12.000000,guicharrier,@odyssee16 @InfoAbonneCanal @cafeyn_fr @lequipe Chez moi aussi. Merci üôèüèª,"Challans, France",1,0,2021-01-26 16:57:09.322919,cafeyn
1352647527263297538,fr,2021-01-22 16:01:16.000000,matfaure,@CzechVence @cafeyn_fr Depuis mon t√©l√©phone mais √ßa a √©t√© r√©par√© ce midi üëåüèª,93100 - Gate 21 - Nice,1,0,2021-01-26 16:57:09.322941,cafeyn
1352643673935249409,fr,2021-01-22 15:45:57.000000,CzechVence,@matfaure @cafeyn_fr Tu as acc√©d√© √† cafeyn depuis quel endroit ? Etrange que l'url soit https://t.co/CDBrzVDKJZ ...,Paris,0,0,2021-01-26 16:57:09.322963,cafeyn
1352597583856807936,fr,2021-01-22 12:42:48.000000,odyssee16,@InfoAbonneCanal @guicharrier @cafeyn_fr @lequipe Merci cela fonctionne √† nouveau!,,1,0,2021-01-26 16:57:09.322985,cafeyn
1352557292105977859,fr,2021-01-22 10:02:42.000000,InfoAbonneCanal,"@guicharrier @odyssee16 @cafeyn_fr @lequipe Bonjour, nous sommes navr√©s de la g√™ne occasionn√©e mais Cafeyn rencontr‚Ä¶ https://t.co/l1Eg4rRQlV",France,1,0,2021-01-26 16:57:09.323007,cafeyn
1352557130948227072,fr,2021-01-22 10:02:03.000000,cafeyn_fr,"France T√©l√©visions va lancer #Culturebox, une cha√Æne √©ph√©m√®re pour soutenir la culture.
Cette cha√Æne gratuite, diff‚Ä¶ https://t.co/nlpegFjO5p",France,0,0,2021-01-26 16:57:09.323029,cafeyn
1352555543836188672,fr,2021-01-22 09:55:45.000000,Nicodef1,"Cher @MaximeLledo  Mickey parade, Picsou magazine, le journal de Mickey...ouaw toute mon enfance. Et comme ces titr‚Ä¶ https://t.co/HjHZPMlRlF",Cagnes sur Mer,5,1,2021-01-26 16:57:09.323050,cafeyn
1352552640291491840,fr,2021-01-22 09:44:13.000000,cafeyn_fr,"G√©n√©ration Identitaire lance une nouvelle op√©ration antimigrants dans les Pyr√©n√©es. 
La pr√©sidente de la r√©gion Occ‚Ä¶ https://t.co/9UXJkxZrZD",France,1,0,2021-01-26 16:57:09.323072,cafeyn
1352525381870481409,fr,2021-01-22 07:55:54.000000,bougis94,@matfaure @cafeyn_fr Abonnement mycanal,,0,0,2021-01-26 16:57:09.323093,cafeyn
1352519759045275649,fr,2021-01-22 07:33:33.000000,N_Lesur,@matfaure @cafeyn_fr D√©j√† qu‚Äôils ont supprim√© France Football...,,1,0,2021-01-26 16:57:09.323115,cafeyn
1352519140641300481,fr,2021-01-22 07:31:06.000000,BretonEric,@RGfourth @cafeyn_fr @canalplus M√™me chose pour moi...,Marseille,0,0,2021-01-26 16:57:09.323136,cafeyn
1352519122836402176,fr,2021-01-22 07:31:02.000000,matfaure,"Et comment je lis le Paris Match sur Bacri @cafeyn_fr ? Apr√®s Bouygues mercredi soir, c‚Äôest toi qui d√©raille. Quell‚Ä¶ https://t.co/BWs0SrBQqm",93100 - Gate 21 - Nice,7,0,2021-01-26 16:57:09.323158,cafeyn
1352511360559685633,fr,2021-01-22 07:00:11.000000,jpp75012,"Le Parisien Paris : Un √©lu communiste du Conseil de Paris soup√ßonn√© de viol
‚Å¶@MaximeCochard_‚Å© ‚Å¶@IanBrossat‚Å© ‚Å¶@PCF‚Å©‚Ä¶ https://t.co/pmh3dGkx5q",Paris 12√®me,0,0,2021-01-26 16:57:09.323180,cafeyn
1352509796310806528,fr,2021-01-22 06:53:58.000000,RGfourth,"Dites @cafeyn_fr, mon abo @canalplus inclus un abo chez toi. Depuis ce matin, il y a un bug en disant que mon compt‚Ä¶ https://t.co/e72U3JQssy",Lens,0,0,2021-01-26 16:57:09.323202,cafeyn
1352386788699099137,fr,2021-01-21 22:45:11.000000,guicharrier,@odyssee16 @InfoAbonneCanal @cafeyn_fr @lequipe Ah oui peut √™tre. Je n‚Äôy avait pas pens√©,"Challans, France",0,0,2021-01-26 16:57:09.323223,cafeyn
1352385931018432514,fr,2021-01-21 22:41:46.000000,odyssee16,@guicharrier @InfoAbonneCanal @cafeyn_fr Je crois qu'on est plusieurs dans le m√™me cas. Va falloir patienter jusqu'‚Ä¶ https://t.co/6AaF9JhYcv,,1,0,2021-01-26 16:57:09.323245,cafeyn
1352381902574022666,fr,2021-01-21 22:25:46.000000,guicharrier,"Hello @InfoAbonneCanal, j‚Äôai un soucis avec @cafeyn_fr qui ne me reconnais plus depuis ce soir. Alors que mon abonn‚Ä¶ https://t.co/iKyVIBdwDJ","Challans, France",0,0,2021-01-26 16:57:09.323268,cafeyn
1352364357804560384,fr,2021-01-21 21:16:03.000000,alexis__fremont,Coucou @cafeyn_fr @canalplus : il y a un petit souci ;-) https://t.co/8WvH7aCiUP,Paris,0,0,2021-01-26 16:57:09.323289,cafeyn
1352246776561102849,fr,2021-01-21 13:28:49.000000,shangolokohotum,"Lib√©ration : Soins capillaires Les hommes noirs enfin dans la boucle

https://t.co/hEpYGeawEz",,0,0,2021-01-26 16:57:09.323312,cafeyn
1352244969512333312,fr,2021-01-21 13:21:38.000000,shangolokohotum,"Quelle horreur ! 
Paris Normandie Grand Rouen Elbeuf : La fin du broyage des poussins

https://t.co/a5PNIQtXzl",,0,0,2021-01-26 16:57:09.323333,cafeyn
1352244549989462019,ja,2021-01-21 13:19:58.000000,citi_pati,"„Åì„Çå„Åå„Éç„ÉÉ„Éà„Åß„ÅÆË®ò‰∫ã„Å´„Å™„Çã„ÅÆ„Åã„Å™„ÄÇ

Groupe Partouche„Å®„Åù„ÅÆ„Ç§„É≥„ÉÜ„Ç∞„É¨„Éº„Éà„É™„Çæ„Éº„Éà„Éã„ÉÉ„Éù„É≥„Éó„É≠„Ç∏„Çß„ÇØ„ÉàÔºàÈï∑Â¥éÁúåÔºâ„ÅåÊú¨Êó•„ÅÆ„Çµ„É≥„Éá„Éº„Ç∏„É£„Éº„Éä„É´„Å´Êé≤Ëºâ
https://t.co/ayL4rc1C9Y",Èï∑Â¥é,4,1,2021-01-26 16:57:09.323355,cafeyn
1352244016323162112,fr,2021-01-21 13:17:51.000000,shangolokohotum,"Lib√©ration : #MeTooInceste ¬´Pour celles et ceux qui ne peuvent pas encore parler, qui ne le pourront jamais¬ª

https://t.co/9o8laKOhCh",,1,0,2021-01-26 16:57:09.323376,cafeyn
1352243440793366528,fr,2021-01-21 13:15:34.000000,Forcats1,"J√©r√¥me Guedj: ""Certains sont t√©tanis√©s par la crainte que l'on en fasse trop pour les vieux""
Belle analyse....bravo  https://t.co/mP1PBKYav4","Saint-Pierre-dels-Forcats, France",0,0,2021-01-26 16:57:09.323397,cafeyn
1352225213111529474,en,2021-01-21 12:03:08.000000,Sundancer_UK,"@YourLocalEmoDad @delhichatter Amnesty specialises in hard truths. No wonder Modi froze it out of India:

A crude b‚Ä¶ https://t.co/76GQ1Xej66",Neverland,0,0,2021-01-26 16:57:09.323419,cafeyn
1352193658532089856,fr,2021-01-21 09:57:45.000000,cafeyn_fr,L'#EtatdUrgenceSanitaire qu'est-ce que c'est exactement ? et quelles sont les cons√©quences de sa prolongation pour‚Ä¶ https://t.co/WTsvOzppHm,France,1,0,2021-01-26 16:57:09.323440,cafeyn
1352191863659393026,fr,2021-01-21 09:50:37.000000,cafeyn_fr,"Joe #Biden a pris ses fonctions hier, en l‚Äôabsence de Donald #Trump, qui a snob√© la c√©r√©monie dans un ultime coup d‚Ä¶ https://t.co/1VEfTANXDz",France,0,0,2021-01-26 16:57:09.323461,cafeyn
1352185862990274560,fr,2021-01-21 09:26:46.000000,cafeyn_fr,"@picapain Bonjour, nous sommes navr√©s pour ce d√©sagr√©ment. Si vous rencontrez toujours le m√™me probl√®me, veuillez n‚Ä¶ https://t.co/KPgtTU5sV3",France,0,0,2021-01-26 16:57:09.323482,cafeyn
1352185707452895235,fr,2021-01-21 09:26:09.000000,MaitreMatou,@cafeyn_fr Oui j'ai vu... merci,"Paris, Ile-de-France",0,0,2021-01-26 16:57:09.323503,cafeyn
1352185221832187904,fr,2021-01-21 09:24:13.000000,cafeyn_fr,"@MaitreMatou Bonjour, nous vous remercions pour votre message et vous informons que le dernier num√©ro du magazine L‚Ä¶ https://t.co/7KRCagrG4F",France,0,0,2021-01-26 16:57:09.323524,cafeyn
1352181772302364672,fr,2021-01-21 09:10:31.000000,Chapsyk,"@anahaddict C'est trop bien les m√©diath√®ques ! Celles de Reims sont tops en plus, on emprunte r√©guli√®rement des vie‚Ä¶ https://t.co/G7lTS0DOjb",Reims,1,0,2021-01-26 16:57:09.323546,cafeyn
1352171933375344640,fr,2021-01-21 08:31:25.000000,Smn_TssG,"Lib√©ration : Effets,  rien¬†que les faits

https://t.co/06mwHSjy5Y",Paris,0,0,2021-01-26 16:57:09.323567,cafeyn
1352147569229651969,fr,2021-01-21 06:54:36.000000,Phcourtet,"Le Figaro : ¬´¬†La seule identit√© encore autoris√©e pour les Blancs est l‚Äôidentit√© de contrition¬†¬ª
 https://t.co/tYorKCYpQH",,0,0,2021-01-26 16:57:09.323589,cafeyn
1352147101166280705,fr,2021-01-21 06:52:45.000000,Pierroo64,"@MANGADO1 @Tielemansriste √áa doit d√©pendre des abonnements du coup. 
Avant qu‚ÄôSFR Presse devienne Cafeyn, j‚Äôavais l‚Ä¶ https://t.co/EYstFncfcT","Bayonne, France",0,0,2021-01-26 16:57:09.323609,cafeyn
1352143187842904067,fr,2021-01-21 06:37:12.000000,sebcrb,@Tielemansriste Et parfois comme par chez moi une carte dans une m√©diath√®que vous donne acc√®s √† ce type de service‚Ä¶ https://t.co/DQciZTWpQL,"Ile-de-France, France",0,0,2021-01-26 16:57:09.323631,cafeyn
1352142925208186880,fr,2021-01-21 06:36:09.000000,sebcrb,@glenthe_best @BertelootRemi @Tielemansriste Hello tout le monde. Je m'incruste car la plupart de vos box ont augme‚Ä¶ https://t.co/o7mXAbDtrK,"Ile-de-France, France",0,0,2021-01-26 16:57:09.323652,cafeyn
1352134497685405696,fr,2021-01-21 06:02:40.000000,leTatouDenim,@NemoSquale @lequipe @LecteursL Grosse pens√©e pour toi en ouvrant Cafeyn ce matin. https://t.co/3G1UbfJ5Da,,1,0,2021-01-26 16:57:09.323673,cafeyn
1352046337714479106,fr,2021-01-21 00:12:21.000000,MANGADO1,"@Pierroo64 @Tielemansriste Moi j‚Äôai cafeyn avec my canal .., mais y a pas l‚Äôequipe ... y a France foot üòâ","Aquitaine, France",0,0,2021-01-26 16:57:09.323694,cafeyn
1352017540713734150,fr,2021-01-20 22:17:55.000000,Berniii964,@Pierroo64 @Tielemansriste J'allais te le dire! Je comprenais pas ton msg pr√©c√©dent. Blas√© moi aussi de plus avoir mon FF avec cafeyn. üò•,"Pau, France",1,0,2021-01-26 16:57:09.323715,cafeyn
1352012255525797889,fr,2021-01-20 21:56:55.000000,Tielemansriste,"Cafeyn c'est tentant 10‚Ç¨/mois avec Le Parisien, l'Equipe, Society, l'Express, √ßa fait pas cher",,1,0,2021-01-26 16:57:09.323736,cafeyn
1352007626532532226,fr,2021-01-20 21:38:31.000000,Pierroo64,@Tielemansriste T‚Äôas rien avec ton abonnement t√©l√©phonique ? Le service ¬´¬†Cafeyn¬†¬ª ou comme √ßa ?,"Bayonne, France",0,0,2021-01-26 16:57:09.323758,cafeyn
1351963948833263617,fr,2021-01-20 18:44:58.000000,SteveNadjar,"Salut @cafeyn . Qu'est-il arriv√© √† @francefootball , disparu depuis quelques jours pour les abonn√©s @SFR ? On souff‚Ä¶ https://t.co/eceYjsQuj5",,0,0,2021-01-26 16:57:09.323779,cafeyn
1351928386634063876,fr,2021-01-20 16:23:39.000000,evah5m,Lib√©ration : Myriam Revault d‚ÄôAllonnes ¬´Le¬†macronisme invoque sans cesse l‚Äôautonomie mais on n‚Äôest pas autonome tou‚Ä¶ https://t.co/QvMUzaBOep,Paris,0,1,2021-01-26 16:57:09.323800,cafeyn
1351908867102408706,fr,2021-01-20 15:06:05.000000,RamsDreezy,Lib√©ration : Soins capillaires Les hommes noirs enfin dans la boucle https://t.co/VAo0zhcwiN,Paris ,0,0,2021-01-26 16:57:09.323821,cafeyn
1351905727548432387,cy,2021-01-20 14:53:37.000000,HairHellHell,@fs5x842y Cafeyn,DTC,0,0,2021-01-26 16:57:09.323842,cafeyn
1351895844044333057,fr,2021-01-20 14:14:20.000000,cafeyn_fr,"√Ä quelques heures de la fin de son mandat, Donald Trump a graci√© 73 personnes et commu√© la peine de prison de 70 au‚Ä¶ https://t.co/0J2r8m7ub3",France,1,1,2021-01-26 16:57:09.323862,cafeyn
1351885817912963078,fr,2021-01-20 13:34:30.000000,killianriv,@Pierre_B_y @SFR @SFR_SAV https://t.co/JmUC5Qf4Ol ~  https://t.co/4AOzIGLRRN Assez fou la diff√©rence !,Trignac,0,0,2021-01-26 16:57:09.323885,cafeyn
1351884670045192193,fr,2021-01-20 13:29:56.000000,killianriv,@Pierre_B_y @SFR @SFR_SAV Cafeyn via SFR n‚Äôa pas le m√™me catalogue que Cafeyn de base üôÑ,Trignac,0,0,2021-01-26 16:57:09.323906,cafeyn
1351878725281984519,fr,2021-01-20 13:06:19.000000,Pierre_B_y,"Est-ce que vous savez comment r√©silier SFR Presse / Cafeyn quand on a l'option par SFR ?
L'option n'appara√Æt pas da‚Ä¶ https://t.co/PfPTxDQAWV",Paris,6,0,2021-01-26 16:57:09.323927,cafeyn
1351817818627567616,fr,2021-01-20 09:04:18.000000,cafeyn_fr,"√Ä vos souris pour entrer les v≈ìux sur #Parcoursup ! Avec la crise, beaucoup de jeunes pourraient se d√©tourner de l'‚Ä¶ https://t.co/UI06caatAs",France,0,0,2021-01-26 16:57:09.323948,cafeyn
1351792157598867456,fr,2021-01-20 07:22:20.000000,jpcinema,"Les Inrockuptibles : Les sc√©naristes se rebellent

https://t.co/eTBpTbAKj3",Paris,0,0,2021-01-26 16:57:09.323969,cafeyn
1351649001238618113,fr,2021-01-19 21:53:28.000000,codelgrange,@cvoizenet @CDIbelin @cafeyn_fr @CanvaFrance Comment as tu eu la chance de passer en mode √©ducation? J'ai fait la d‚Ä¶ https://t.co/N925BoFDaJ,Acad√©mie de Besan√ßon,1,0,2021-01-26 16:57:09.323990,cafeyn
1351627469040844802,fr,2021-01-19 20:27:55.000000,Villon_,"Plut√¥t que demander au Parlement de proroger l'√©tat d'urgence, n'est-il pas possible de lui permettre de l'arr√™ter‚Ä¶ https://t.co/9h5wSfp3YJ",Une terrible dictature üòÇ,0,0,2021-01-26 16:57:09.324011,cafeyn
1351600666326818821,fr,2021-01-19 18:41:25.000000,SLaatiriss,"@steph_nomis

@ffjudo_officiel
@masmala3

 : Qui est St√©phane Nomis, l‚Äôhomme qui veut mettre fin aux violences sexu‚Ä¶ https://t.co/f1upd4wuB8",,1,0,2021-01-26 16:57:09.324032,cafeyn
1351583817899847680,fr,2021-01-19 17:34:28.000000,AlexHervaud,"√áa ne remplace pas l'achat papier mais rien que pour rattraper d'anciens num√©ros, petite joie de d√©couvrir aujourd'‚Ä¶ https://t.co/rLlHSo2EPM",Paris,6,0,2021-01-26 16:57:09.324052,cafeyn
1351572126038425600,fr,2021-01-19 16:48:00.000000,ady_paris,@Glitchouille @pascalriche @pierrehaski Sinon voir si vous avez pas acc√®s a une plate-forme comme cafeyn via un abo‚Ä¶ https://t.co/ERe3Pzcn8S,Paris_France,0,0,2021-01-26 16:57:09.324074,cafeyn
1351567610891132930,fr,2021-01-19 16:30:04.000000,cafeyn_fr,"Adieu, les cirques d‚Äôantan ! La faune sauvage pourrait bient√¥t √™tre interdite dans les #cirques itin√©rants, un tour‚Ä¶ https://t.co/hW5ZUlE13B",France,0,0,2021-01-26 16:57:09.324095,cafeyn
1351539416951566337,fr,2021-01-19 14:38:02.000000,antoineguillou4,@ePressefr Je pr√©f√®re Cafeyn,,0,0,2021-01-26 16:57:09.815238,cafeyn
1351504152724197377,fr,2021-01-19 12:17:54.000000,cafeyn_fr,"#Football : la Coupe de France est sauv√©e pour les amateurs.
Le gouvernement, en discussion avec la F√©d√©ration fran‚Ä¶ https://t.co/2tkI8mrea4",France,2,1,2021-01-26 16:57:09.815262,cafeyn
1351496287980544003,fr,2021-01-19 11:46:39.000000,cafeyn_fr,Certains jours  sont difficiles pour prendre soin de sa #sant√© mentale notamment en cette p√©riode. Alors comment pa‚Ä¶ https://t.co/4Qt0dfcInw,France,0,0,2021-01-26 16:57:09.815274,cafeyn
1351477884918104067,fr,2021-01-19 10:33:31.000000,cafeyn_fr,"Coronavirus: La Chine confront√©e √† la pire r√©surgence de l'√©pid√©mie depuis mars 2020
 https://t.co/3VkqrW8NbS https://t.co/67mlBK6rZl",France,0,0,2021-01-26 16:57:09.815286,cafeyn
1351445796407930887,fr,2021-01-19 08:26:01.000000,cvoizenet,Quand le papier permet de faire la promotion du num√©rique @CDIbelin ü§®ü§îJe me questionne mais je veux que @cafeyn_fr‚Ä¶ https://t.co/nsqBWjZcwa,,4,0,2021-01-26 16:57:09.815297,cafeyn
1351443267246841856,fr,2021-01-19 08:15:58.000000,pixelikus,"@wedz79 @Mediapart @lemondefr @etc Comme un tipflip (ou tipapp)
c‚Äôest un business b2b d‚Äôorganiser √ßa. Tu as des mic‚Ä¶ https://t.co/09oa1mRFlv",,0,0,2021-01-26 16:57:09.815308,cafeyn
1351384975845818368,fr,2021-01-19 04:24:20.000000,evah5m,"Lib√©ration : R√©/Jouissances. A l‚Äôheure de l‚Äôap√©ro z√©ro, Apollon envoie Dionysos se coucher
 https://t.co/7nS8YOEv67",Paris,0,0,2021-01-26 16:57:09.815319,cafeyn
1351325062796877826,fr,2021-01-19 00:26:16.000000,Filao_Patrick,@ninick59 @UniversFreebox faut dire aussi que il y a du contenu dans le devialet - Netflix - Prime vid√©o/Amazon liv‚Ä¶ https://t.co/Xn9yhVzJr6,France  ùë≠ùíêùíçùíçùíêùíò ùë¥ùíÜ ,0,0,2021-01-26 16:57:09.815332,cafeyn
1353453499435151360,es,2021-01-24 21:23:54.000000,julio_delatorre,"@LaVanguardia ""Puedes creer que Twitter ten√≠a todo el derecho de tomar esta decisi√≥n (...) y al mismo tiempo que es‚Ä¶ https://t.co/l7e2RLZLzN","Madrid, Spain",0,0,2021-01-26 16:57:10.643226,milibris
1353118202377736197,ca,2021-01-23 23:11:33.000000,pauvinyes,Nova vida per a Can Barbosa https://t.co/chkSeO0ugZ #LaVanguardia,"Sant Andreu de Palomar, Catalunya",0,0,2021-01-26 16:57:10.643267,milibris
1352750840709345291,es,2021-01-22 22:51:47.000000,javiersapetti,A√∫n hay jueces en Berl√≠n‚Ä¶ y en Catalunya https://t.co/vjBkiZg2un,Europa,0,0,2021-01-26 16:57:10.643293,milibris
1352328045068222468,und,2021-01-21 18:51:45.000000,adrilosa1,https://t.co/hE7WuCFbvd,Barcelona,0,0,2021-01-26 16:57:10.643317,milibris
1352266044862291977,fr,2021-01-21 14:45:23.000000,raph66,"@miLibris Catastrophe : avec votre liseuse, je ne peux plus t√©l√©charger @libe en PDF (qui reste le meilleur moyen p‚Ä¶ https://t.co/oYgShjCqas",,0,0,2021-01-26 16:57:10.643339,milibris
1352179715486978051,fr,2021-01-21 09:02:21.000000,Procacitas,"Bonjour @LesEchos, pourriez vous remettre la possibilit√© de lire le journal en format PDF. @miLibris c'est ILLISIBL‚Ä¶ https://t.co/WjHee5M7E6","Paris, France",1,0,2021-01-26 16:57:10.643362,milibris
1351981601677332481,ca,2021-01-20 19:55:07.000000,rpuigfont,Leer en LaVanguardia: La Vanguardia (catal√†) - 19 de enero de 2021 - ‚ÄúFem que no tots els somnis continu√Øn dormint‚Äù‚Ä¶ https://t.co/YAnLLJPov2,Catalunya ||*||,0,0,2021-01-26 16:57:10.643384,milibris
1351834718594101248,es,2021-01-20 10:11:27.000000,GuindalMariano,Sin reformas no hay dinero. S√°nchez se encuentra entre dos fuegos o atiende las exigencias de Bruselas o se pliega‚Ä¶ https://t.co/78e2LYMxCs,,4,1,2021-01-26 16:57:10.643406,milibris
1351448263048757248,es,2021-01-19 08:35:49.000000,santitant,"https://t.co/jA9xdbL5Bq #LaVanguardia ‚ÄúHoy todo el mundo convierte sus retos en retos solidarios, y no creo que esa‚Ä¶ https://t.co/hheKumbRG5",,8,1,2021-01-26 16:57:10.643427,milibris
1351444091708567552,ca,2021-01-19 08:19:14.000000,Ultraquim,"Per llegir i rellegir! 
https://t.co/z8bPXm1Fok https://t.co/yOrzDKUDiO",,6,1,2021-01-26 16:57:10.643449,milibris
1351433895481380864,fr,2021-01-19 07:38:43.000000,oliviergoy,@deFroissard @LesEchos @jmvittori La mise en place de @miLibris Reader pour Les √âchos first ne fonctionne malheureu‚Ä¶ https://t.co/AmmVVVhORp,üá´üá∑üáÆüáπüá™üá∏üá≥üá±üá©üá™üá™üá∫,3,2,2021-01-26 16:57:10.643469,milibris
1354096761271275520,nl,2021-01-26 16:00:00.000000,BlendleNL,"Wanneer, dat verschilt ‚Äì maar ook jij bent straks je baan kwijt aan een algoritme. ‚ÄòDe ethische gevolgen kunnen dra‚Ä¶ https://t.co/Eh5tsdemFi",Utrecht,0,0,2021-01-26 17:00:10.550499,blendle
1354241780045279232,nl,2021-01-27 01:36:15.000000,joery07,"Lees dit artikel uit AD: 'Zolang Nala gelukkig is, ben ik het ook' https://t.co/7rqOj37YU5",Groningen,0,0,2021-01-27 06:00:08.271442,blendle
1354177331305328640,nl,2021-01-26 21:20:09.000000,MornixNL,@AlexanderNL Goh zonder die journalisten zou het op Blendle rustig zijn lijkt me. Maar geef ze gerust een veeg uit‚Ä¶ https://t.co/wzWpo08bxn,"Utrecht, Nederland",0,0,2021-01-27 06:00:08.271468,blendle
1354147731762274307,nl,2021-01-26 19:22:32.000000,BlendleNL,"Vandaag het best gelezen op Blendle:

‚ÄòWas weer heftig!‚Äô Dit zijn de chatgroepen achter de Eindhovense chaos. Gesch‚Ä¶ https://t.co/lMetNq1lB1",Utrecht,2,1,2021-01-27 06:00:08.271481,blendle
1354125178477944834,nl,2021-01-26 17:52:55.000000,zwaanlak,"Yesss nu ook te lezen op Blendle! Niet iedereen is straks zijn/haar baan kwijt hoor, was het maar zo simpel. https://t.co/dDkw7ao1wn","Amsterdam, Nederland",1,0,2021-01-27 06:00:08.271494,blendle
1354119681980903428,nl,2021-01-26 17:31:05.000000,jasperklapwijk,"SGP weer in het rechtse gareel: Forum levert een senaatszetel, dus blijf je loyaal.  https://t.co/uiIlhSAKZQ",Nee ga weg.,1,3,2021-01-27 06:00:08.271507,blendle
1354111464714379264,en,2021-01-26 16:58:26.000000,EashanKotha,This is what Blendle does https://t.co/OilaMzDFIK,"Irvine, CA",0,0,2021-01-27 06:00:08.271519,blendle
1354100342003277824,nl,2021-01-26 16:14:14.000000,Gravin68,@Pauldebruijnxt loco burgemeester van #Voorschoten (cc @woonzorgNl ) #dtv Heeft u een idee waarom #buren niet zo gr‚Ä¶ https://t.co/6KYnLgyyxK,Home is where the heart is,0,0,2021-01-27 06:00:08.271531,blendle
1354226131977822211,fr,2021-01-27 00:34:04.000000,Thomas45000,@BoulogneCulture @VirginieToffee @Ville_BoulogneB Bravo √† votre Municipalit√©. Ce devrait √™tre ainsi partout en Fran‚Ä¶ https://t.co/ajfQkSuaGM,Orl√©ans,0,0,2021-01-27 06:00:09.676599,cafeyn
1354186011836903429,fr,2021-01-26 21:54:39.000000,AdaSilvaArras,"Entre Flandre, Artois et m√©tropole lilloise, une √©trange communaut√© pr√©tendant ""promouvoir les traditions pa√Øennes""‚Ä¶ https://t.co/juHr5x6gZy",Arras,3,3,2021-01-27 06:00:09.676641,cafeyn
1354133715270692869,fr,2021-01-26 18:26:50.000000,pelie3,@Skippy1er Je sais pa a quoi tu t‚Äôes abonn√© mais sinon tu as cafeyn c‚Äôest pas mal si tu as un iPad tu as pas mal de‚Ä¶ https://t.co/2G5zn3tMvA,,0,0,2021-01-27 06:00:09.676667,cafeyn
