id	iso_language_code	created_at	screen_name	text	location	favorite_count	retweet_count	queried_at	company
1410007089460629505	en	2021-06-29 22:47:41	janinezacharia	Need to understand better what happened with Blendle, i.e. why didn't take off in the U.S. Some possible answers in this piece. https://t.co/Dng5XGWf7l. Also, waiting to see more on Scroll. https://t.co/qiJgpwWDWv https://t.co/AtkR1fxvAm	Stanford	1	0	2021-06-30 06:00:10.548856	blendle
1409958746332225542	en	2021-06-29 19:35:35	zwoelbriesje	@leinmarjob Blendle		0	0	2021-06-30 06:00:10.548907	blendle
1409957012193087496	nl	2021-06-29 19:28:42	BlendleNL	"üèÜ Vandaag het best gelezen: 

Help je in Griekenland een vluchteling? Je draait er zo de bak voor in, schrijft @linda_polman in @DeGroene 

https://t.co/PlBpvCaWOG"	Utrecht	0	0	2021-06-30 06:00:10.548940	blendle
1409955126685601796	nl	2021-06-29 19:21:12	holywell_john	Lees dit artikel uit Panorama: ‚ÄòHET WATER HEEFT MIJ ALTIJD GERED' https://t.co/un5aamZHwY		0	0	2021-06-30 06:00:10.548970	blendle
1409951428676837377	nl	2021-06-29 19:06:30	stasbewonah	@leinmarjob Ik heb teveel kranten die ik niet allemaal kan lezen, maar da's niet erg. Vroeger gebruikte ik Blendle ook, maar nu niet meer.	Den Haag, Nederland	0	0	2021-06-30 06:00:10.549000	blendle
1409950953646788611	nl	2021-06-29 19:04:37	leinmarjob	@stasbewonah Ik heb 1 krant. Maar die lees ik nooit helemaal. Blendle leek eerst ideaal. Maar nu niet meer,	waar de zon is.	0	0	2021-06-30 06:00:10.549032	blendle
1409950166082277377	en	2021-06-29 19:01:29	Dokajunk	@leinmarjob Ja, of Blendle		0	0	2021-06-30 06:00:10.549062	blendle
1409949426072887300	nl	2021-06-29 18:58:33	leinmarjob	@stasbewonah Klopt. Maar Blendle werkt niet fijn meer en dan moet ik dus op 8 kranten een abonnement nemen.., voor die paar artikelen.	waar de zon is.	1	0	2021-06-30 06:00:10.549091	blendle
1409948996995629057	nl	2021-06-29 18:56:51	stasbewonah	"@leinmarjob Daar was Blendle ooit voor bedoeld. 
Het abonnementsmodel zorgt er voor dat de krant stukjes kan blijven maken die jij graag wil lezen."	Den Haag, Nederland	1	0	2021-06-30 06:00:10.549119	blendle
1409948993036115974	en	2021-06-29 18:56:50	Dokajunk	@leinmarjob Blendle		0	0	2021-06-30 06:00:10.549149	blendle
1409930915803926530	nl	2021-06-29 17:45:00	BlendleNL	"Het moet groener bij geel en blauw: je kan nu bij IKEA zelf je tweedehands Billy‚Äôs kopen (uit @vrij_nederland)

https://t.co/5JREvW04ZR"	Utrecht	0	0	2021-06-30 06:00:10.549178	blendle
1409915816322158592	nl	2021-06-29 16:45:00	BlendleNL	"‚ÄòOp het moment dat ik dacht dat ik zou stikken, kreeg ik een openbaring‚Äô

Merel (27) besloot de hallucinogene drank ayahuasca eens te proberen. Het werd een trip om nooit te vergeten (uit @VIVA_nl)

https://t.co/S8OiEC15gR"	Utrecht	0	0	2021-06-30 06:00:10.549207	blendle
1409908906713702417	en	2021-06-29 16:17:32	Diplateevo	"@theleoji @BlendleUS has been using this model for a while, check it out here: https://t.co/ugI7thm6lx

It's just never taken off, even though the entire experience and infrastructure is honestly quite well done."	Taipei, Taiwan	1	0	2021-06-30 06:00:10.549235	blendle
1409900323146186758	nl	2021-06-29 15:43:26	BlendleNL	"Dit zijn de ‚Äòplatliggers‚Äô, de Chinezen die klaar zijn met de immense maatschappelijke druk om te presteren. Geschreven door @eefjerammeloo in @parool.

https://t.co/4jY19QHiRY"	Utrecht	0	0	2021-06-30 06:00:10.549264	blendle
1409899535246233606	nl	2021-06-29 15:40:18	Belleblabla	@Huub81469118 @StefanTetelepta @nrc Het is jammet dat je in Blendle niet meer per artikel kunt betalen. Ik snap niet waarom dat niet is aangeslagen.	Watopia	0	0	2021-06-30 06:00:10.549294	blendle
1409888448044056591	nl	2021-06-29 14:56:15	FidelGavilan	De werkgevers- organisaties Personeel bijscholen is maatwerk, geen cijferwerk https://t.co/WA2BHMpSuZ	GENT	0	0	2021-06-30 06:00:10.549322	blendle
1409878130102259714	nl	2021-06-29 14:15:15	floorbakhuys	"""Op haar 13e pakte mijn dochter voor het eerst mijn hand. Voor veel ouders niets bijzonders. Voor mij het mooiste moment uit mijn leven.""

Voor LINDA sprak ik met ouders van kinderen met hechtingsproblemen Over afwijzing, onbegrip en standvastige liefde.

https://t.co/xpxqqfEzVM"		3	0	2021-06-30 06:00:10.549351	blendle
1409874294922940418	nl	2021-06-29 14:00:00	BlendleNL	"De beste manier om van ons overgewicht af te komen: een strengere overheid. Geschreven door @DieterDeCleene in @eos_wetenschap.

https://t.co/rQDaZkPDfC"	Utrecht	4	2	2021-06-30 06:00:10.549380	blendle
1409870681542729744	nl	2021-06-29 13:45:39	Alw1na	@TonBosman3 @mkeulemans Omdat ook een artikel geld kost, net als het brood bij de bakker. Nog altijd jammer dat je niet meer kan doorklikken en ‚Äòn los artikel kan kopen zoals in begin bij Blendle.  Maar; bij de meeste bibliotheken kan je kranten lezen, en online een paar artikelen per maand gratis lezen		0	0	2021-06-30 06:00:10.549409	blendle
1409859200763588612	nl	2021-06-29 13:00:02	BlendleNL	"Ondanks fel protest moeten deze Rotterdammers ‚Äòwijken voor de rijken‚Äô. ‚ÄòEr worden hier geen woningen gesloopt, maar een gemeenschap.‚Äô Geschreven door @Harokraak in @volkskrant.

https://t.co/mJqmkB7gkf"	Utrecht	0	0	2021-06-30 06:00:10.549438	blendle
1409852698413912065	en	2021-06-29 12:34:11	eingemaischt	"@mikko @jfagone I recentyl found ""Blendle"" - this is such a micropayment system. But you have to search for every article on their system again. The newspapers and amagazines don't link their blendle articles on the paywall."	Alpha Centauri	0	0	2021-06-30 06:00:10.549467	blendle
1409848970021642246	nl	2021-06-29 12:19:22	PaulvanEgmond	@evertkkn @dvhn_nl Blendle had dit kunnen zijn...	Amsterdam	0	0	2021-06-30 06:00:10.549495	blendle
1409844095821004800	nl	2021-06-29 12:00:00	BlendleNL	"Geef ook jongeren een prikje, adviseren deze kinderartsen. ‚ÄòAnders worden ze straks tweederangsburgers‚Äô #Vaccinatie

Geschreven door @maudeffting en @CharlotHuisman in @volkskrant

https://t.co/fauKecnxOB"	Utrecht	1	0	2021-06-30 06:00:10.549523	blendle
1409835603617882120	nl	2021-06-29 11:26:16	Jopinie	Wat we nodig hebben om obesitas te bestrijden? Net als bij covid-19: minder geloof in eigen verantwoordelijkheid en keuzevrijheid, een doortastende, strenge overheid. https://t.co/no3B6T3WEG	Amsterdam	42	5	2021-06-30 06:00:10.549551	blendle
1409831686901219336	nl	2021-06-29 11:10:42	BlendleNL	"Help je in Griekenland een vluchteling? Je draait er zo de bak voor in. 

Het overkwam journalist Ingeborg Beugel. Ze hielp de Afghaan Fridoon aan een veilige plek, maar werd vervolgens gearresteerd. Geschreven door @linda_polman in @DeGroene.

https://t.co/vehcRYgaY3"	Utrecht	2	1	2021-06-30 06:00:10.549580	blendle
1409829258923548672	de	2021-06-29 11:01:03	BlendleDE	"Kein Nationen-Duell ist im Fu√üball historisch und emotional so aufgeladen wie Deutschland gegen England. Was macht diese Spiele zu etwas Besonderem? @Tagesspiegel ist auf Spurensuche gegangen

¬ª https://t.co/1Hv0lgWOwa https://t.co/QtzGqBdVMJ"	Deutschland	0	0	2021-06-30 06:00:10.549609	blendle
1409810212253536261	nl	2021-06-29 09:45:22	Reigetje	Lees dit artikel uit De Standaard: ‚ÄòAmerikaanse boeren knijpen de natuur leeg zoals een ketchupfles‚Äô https://t.co/0ljNQWWmMx Eens zegt het tovervisje NEE tegen het ventje Piggelmee.	Rotterdam	0	0	2021-06-30 06:00:10.549639	blendle
1409795655313375232	nl	2021-06-29 08:47:31	peterverhaar	Wat een verhaal, boodschap: we zijn zo weer terug in 1940 om maar iets te noemen https://t.co/JP7W0lglXG		1	0	2021-06-30 06:00:10.549667	blendle
1409788604667285506	en	2021-06-29 08:19:30	MarcOverIP	"@truekonrads In existence in NL for several years now.

https://t.co/mIqFORCIqx"	Tweets in NL & EN	0	0	2021-06-30 06:00:10.549695	blendle
1409783778982207490	en	2021-06-29 08:00:20	FSDominguez	@mikko @halvarflake Wouldn't blendle be sort of a solution?		0	0	2021-06-30 06:00:10.549723	blendle
1409781321187180548	nl	2021-06-29 07:50:34	RinaHarpman	@caseofdees Jammer genoeg zit het artikel achter de betaalmuur en zit NRC niet in de Blendle kiosk	Montferland, Nederland	0	0	2021-06-30 06:00:10.549752	blendle
1409747554837872640	nl	2021-06-29 05:36:23	BolandLW	Lees dit artikel uit De Groene Amsterdammer: ‚ÄòMensen haten me omdat ik kritisch ben‚Äô https://t.co/1UVQ9N3Dt1		0	0	2021-06-30 06:00:10.549780	blendle
1409256532714393605	nl	2021-06-27 21:05:14	mkeulemans	@rogerramakers Ja sorry, wij moeten er ook van leven. Blendle? Of (als je dpn media-krant hebt) kan het via @Topics_NL.	The Netherlands	3	0	2021-06-30 06:00:10.550550	blendle
1409226861016764421	nl	2021-06-27 19:07:20	BlendleNL	"üèÜ Vandaag het beste gelezen! üèÜ

Van bevrijding tot onderdrukking: hoe de pil steeds minder geliefd wordt in @vrij_nederland 

https://t.co/zOrf84cpzF"	Utrecht	0	1	2021-06-30 06:00:10.550578	blendle
1409183565259149316	nl	2021-06-27 16:15:17	tournedisk	@mkeulemans Er is een paywall. Niet voor 1 artikel maar voor een abonnement. En dat wil ik niet. Jammer had het graag gelezen, ook op Blendle.	Pays-Bas	0	0	2021-06-30 06:00:10.550607	blendle
1409146905888702464	nl	2021-06-27 13:49:37	BlendleNL	"üö¥‚Äç‚ôÇÔ∏è De Tour de France is begonnen! Daarom vertelt profwielrenner @BaukeMollema je in de Blendle-app over zijn favoriete artikelen. Benieuwd wat de wielrenner leest als hij niet de Tour aan het fietsen is? Je vindt zijn hele collectie hier üëá

https://t.co/qFHez8d2sZ"	Utrecht	3	0	2021-06-30 06:00:10.550635	blendle
1409126969980166153	nl	2021-06-27 12:30:24	willemlaurier	Lees dit artikel uit De Groene Amsterdammer: Regels? Die zijn vooral voor anderen https://t.co/qzeDUU41pg	Gouda, Nederland	0	0	2021-06-30 06:00:10.550663	blendle
1409098890679402500	nl	2021-06-27 10:38:49	3littlebrdz	@LamyaeA Vroeger hadden we blendle.	Ouagadougou	0	0	2021-06-30 06:00:10.550691	blendle
1409083549731405828	de	2021-06-27 09:37:52	bmzimmermann	@ja_chut Das kann tats√§chlich sein. Readly nutze ich nicht, Blendle nur selten.	Berlin, Deutschland	1	0	2021-06-30 06:00:10.550720	blendle
1409060331289296899	nl	2021-06-27 08:05:36	realWijtzeHein	"@BasEuser1 @thijszonneveld Ik wil best betalen, ik kocht regelmatig losse artikelen via Blendle toen dat nog kon.
Heb een abonnement op NRC, maar ik kan niet op alle kranten een abonnement nemen."	De Fryske W√¢lden	0	0	2021-06-30 06:00:10.550747	blendle
1408612724200951816	nl	2021-06-26 02:26:58	YvonneSnitjer	Regels? Die zijn vooral voor anderen https://t.co/cljK4RLrjr	A Dutch migrant in Libya	0	0	2021-06-30 06:00:10.551193	blendle
1408520044934578189	de	2021-06-25 20:18:42	kaikutzki	@Sam_Liban @SZ @JuliaEuropea Einfach mal Blendle ausprobieren. Da gibt es auch die SZ und man kann pro Artikel bezahlen	Delmenhorst	0	0	2021-06-30 06:00:10.551221	blendle
1408502911722741764	nl	2021-06-25 19:10:37	BlendleNL	"üèÜ Dit is het best gelezen stuk van vandaag:

Journalist @mkeulemans zocht voor de @volkskrant uit wat acht maanden mondkapje dragen ons nou heeft opgeleverd.

https://t.co/akfkOgEBT5 https://t.co/nRFgTxkIq8"	Utrecht	0	0	2021-06-30 06:00:10.551249	blendle
1408457469743992834	de	2021-06-25 16:10:03	BlendleDE	Die fragw√ºrdige Adoption ausl√§ndischer Kinder in Europa: @sternde hat mit Betroffenen in den Niederlanden gesprochen und schreibt deren Geschichten zusammen https://t.co/2lDS86b77R https://t.co/eVK0QYKKUa	Deutschland	0	0	2021-06-30 06:00:10.551276	blendle
1408445141090816002	de	2021-06-25 15:21:03	BlendleDE	Das geheime Buch der AfD-Aussteiger: interne Chats dokumentieren, wie jene, die sich f√ºr moderat halten, mit der Partei hadern. Aus @tagesspiegel https://t.co/WQayLdyUYi https://t.co/E5xmk7BO2S	Deutschland	0	0	2021-06-30 06:00:10.551304	blendle
1408421321047003136	nl	2021-06-25 13:46:24	BlendleNL	Je leest 'm hier üëâ https://t.co/qryOnUhJGr https://t.co/LFVZwRbqBB	Utrecht	1	0	2021-06-30 06:00:10.551331	blendle
1408391121173159942	en	2021-06-25 11:46:24	JRienke	@ward_hendriks Dat heet Blendle https://t.co/6Nog2BJ99b		1	0	2021-06-30 06:00:10.551359	blendle
1408371739957080071	nl	2021-06-25 10:29:23	neeledgam	@Sabje1979 @nrc Is er al, Blendle, maar daar doet NRC niet meer aan mee. Ik ben de reden even kwijt, maar jammer vind ik het wel.	www.magdeleen.nl	1	0	2021-06-30 06:00:10.551386	blendle
1408371605592477698	nl	2021-06-25 10:28:51	BlendleNL	"Maak je borst maar nat voor een slutty summer, schrijft @destandaard. ‚ÄòEr knettert voelbaar elektriciteit in de aderen‚Äô

https://t.co/eE6pDuektw"	Utrecht	0	0	2021-06-30 06:00:10.551440	blendle
1408353512719794178	nl	2021-06-25 09:16:58	Vivscontent	Nu ‚Å¶@Reporters_nl‚Å© Online: Extreme #jaloezie op de exen van je vriend... https://t.co/YsLEt2SJGU	Utrecht	0	1	2021-06-30 06:00:10.551470	blendle
1408352122790416389	nl	2021-06-25 09:11:26	edoderoo	@gemeentewoerden gebruik ik al een tijd. En ik lees er gratis Blendle mee, met die gespaarde punten.	3446 Woerden	0	0	2021-06-30 06:00:10.551498	blendle
1408340702879272962	de	2021-06-25 08:26:03	renemartens	Ist schon symptomatisch, dass zwei Monate nach der Aktion noch √ºber gel√∂schte Tweets geredet wird. Teaser-Screenshot von Blendle. (2/2)	Hamburg-Ottensen	6	0	2021-06-30 06:00:10.551526	blendle
1408327713241407488	und	2021-06-25 07:34:26	jasperklapwijk	@MarcelKolder @DsDiederik @ndnl @yimmeke https://t.co/zNd7NbclLI	Op de camping	1	1	2021-06-30 06:00:10.551554	blendle
1407777796299034631	nl	2021-06-23 19:09:16	BlendleNL	"üèÜ Vandaag het beste gelezen! üèÜ

Regeerakkoord ‚Äòschetsen‚Äô, dan op vakantie: @bertwagendorp  zwaait Rutte uit 

https://t.co/qCrTX2RBmo"	Utrecht	0	0	2021-06-30 06:00:11.232752	blendle
1407718840675545092	nl	2021-06-23 15:15:00	BlendleNL	"Oprukkende Taliban, meer aanslagen en vluchtelingen: De VS staat op het punt Afghanistan te verlaten. Ze laten een chaos achter (uit @volkskrant)

https://t.co/F8CHl5hgbY"	Utrecht	0	0	2021-06-30 06:00:11.232764	blendle
1407703741403258883	nl	2021-06-23 14:15:00	BlendleNL	"Na het lezen van dit stuk over de geschiedenis van yoga begrijp je waarom we ons zo massaal op het matje storten üßò‚Äç‚ôÇÔ∏è

Het Verhaal van de Dag werd geschreven door @dezwartkijker in @DeGroene

https://t.co/FiLQsdgKfo"	Utrecht	4	2	2021-06-30 06:00:11.232775	blendle
1407673541559046152	nl	2021-06-23 12:15:00	BlendleNL	"Deze sportjournalist wist na decennia de zwijgcultuur in de turnwereld te doorbreken: ‚ÄòDe ban is gebroken, dat vraagt om doorpakken‚Äô 

Geschreven door @MarcoKnippen in @villamedia 

https://t.co/hsDg3IYtql"	Utrecht	0	0	2021-06-30 06:00:11.232786	blendle
1407658442521776132	nl	2021-06-23 11:15:00	BlendleNL	"Protest tegen anti-lhbti Hongarije zwelt aan, maar mag dat op het voetbalveld? Nou, niet van de bond. ‚ÄòDe Uefa is beschamend bezig‚Äô (uit @destandaard)

https://t.co/fW1MhraTSg"	Utrecht	0	0	2021-06-30 06:00:11.232797	blendle
1407656328949030913	nl	2021-06-23 11:06:36	EinsteinBarbie	"In de LINDA deze maand een stuk van mijn knuistjes over dat ik meer mannenhuid en ventjesvlees wil zien in de media! Objectificeren is niet iets wat we ooit uit kunnen bannen want het zit in ons. Dus objectificeer beide seksen gelijk! 

https://t.co/1MZzu24dLA"	Amsterdam	11	1	2021-06-30 06:00:11.232809	blendle
1407649885617332227	nl	2021-06-23 10:41:00	Rogeliketweety	#Blendle Spoorzoeken over opgeheven #Spoorlijnen #Kersenlijn https://t.co/gShZoXppUG #Geschiedenis #History #TBT #Spoor #Transport #Guide #HowTo https://t.co/OBSss1FHs9	Nederland	1	0	2021-06-30 06:00:11.232820	blendle
1407643342939164672	nl	2021-06-23 10:15:00	BlendleNL	"Marrit strijdt voor ‚Äòrouwverlof‚Äô in de wet. Op de sterfdag van haar dochter haalde ze tienduizenden handtekeningen op (uit @trouw)

https://t.co/Xo20EFm5su"	Utrecht	1	0	2021-06-30 06:00:11.232831	blendle
1407628998172106753	nl	2021-06-23 09:18:00	M_Kuipers	Lees dit artikel uit HP/De Tijd: Door de bomenkap het bos niet meer zien https://t.co/sUh3z71FM5	Wageningen	0	0	2021-06-30 06:00:11.232842	blendle
1407628333186232320	nl	2021-06-23 09:15:21	BlendleNL	"Regeerakkoord ‚Äòschetsen‚Äô, dan op vakantie: @bertwagendorp zwaait Rutte uit. ‚ÄòEven geen Mark. Even geen Wopke.‚Äô

https://t.co/fkVtbcg60f"	Utrecht	0	0	2021-06-30 06:00:11.232853	blendle
1407596042196029441	de	2021-06-23 07:07:02	BlendleDE	"Nach zw√∂lfj√§hriger Vorbereitungszeit √∂ffnet heute die Dauerausstellung der Stiftung Flucht, Vertreibung, Vers√∂hnung in Berlin ihre T√ºren. Das Schicksal der deutschen Vertriebenen ist nur eines ihrer Themen, schreibt @faznet 

¬ª https://t.co/OTpaEVnTzr https://t.co/m2Rsgu1dfe"	Deutschland	0	0	2021-06-30 06:00:11.232863	blendle
1407585696546705410	nl	2021-06-23 06:25:56	Jojanneke	Rouwverlof. Niet drie dagen na overlijden van je kind of echtgenoot, maar tien (of langer). En dan niet van vakantiedagen afhalen. Je leven staat ondersteboven bij zo‚Äôn verlies, jezelf opnieuw uitvinden. Dat kost tijd en het is keihard werken. https://t.co/ItnMOyrkYS	With üíö from Rotterdam	13	1	2021-06-30 06:00:11.232875	blendle
1407089068668764171	nl	2021-06-21 21:32:31	ypakk	Lees dit artikel uit de Volkskrant: Vrees niet de authentieke woede van Simons, maar vrees de Thierry's, Gideons, Sywerts en Enesjes https://t.co/EeSKxU5yrr	"Rotterdam
"	0	0	2021-06-30 06:00:11.233020	blendle
1407087792623177728	nl	2021-06-21 21:27:26	Rogeliketweety	#Blendle Je #Privacy is Niets Meer Waard #Interview #MarleenStikker #FutureLab #Waag CC @waag https://t.co/BVgvhA1PdJ #Data #Tech #BigData #BigTech #socialmedia https://t.co/gmde1HS9V3	Nederland	0	0	2021-06-30 06:00:11.233031	blendle
1407073192884178951	nl	2021-06-21 20:29:25	MsLuss	Lees dit artikel uit de Volkskrant: Vrees niet de authentieke woede van Simons, maar vrees de Thierry's, Gideons, Sywerts en Enesjes https://t.co/FAtNeB2Zk3	Amsterdam	0	0	2021-06-30 06:00:11.233042	blendle
1410008562110185475	fr	2021-06-29 22:53:32	11pistache	"@JeanRob54950229 Marianne N¬∞1267 24 juin 2021:https://t.co/h3ppEmuvVR
La mafia se renforce #emploi #ElectionsDepartementales #Nice06 #Elections2021 #electionsdepartementales2021 #Macron2022 #Bruxelles #Italia #departementales2021 #Normandie #electionsregionales2021 #HautsdeFrance #AFP merci Covid https://t.co/CXv7yaQDdF"		1	0	2021-06-30 06:00:15.543559	cafeyn
1409995930846347267	fr	2021-06-29 22:03:21	MrMilhouseVH	@azerty774 @Kocobe Ayant Cafeyn, c'est comme pour Lib√©, je cherche dans l'√©dition papier et si j'oublie en cours de route (gros probl√®mes d'attention) ou je trouve pas, bah tant pis et c'est dommage pour l'auteur ou autrice de l'article...	Springfield	0	0	2021-06-30 06:00:15.543603	cafeyn
1409883293177323521	fr	2021-06-29 14:35:46	fontainelucien	"L‚Äôexon√©ration des droits de terrasse prolong√©e √† #Amiens ‚Å¶@Thierry15353782‚Å©
@assia https://t.co/4vYtKbyiUI"	Amiens	2	0	2021-06-30 06:00:15.543630	cafeyn
1409871099266056192	fr	2021-06-29 13:47:18	cafeyn_fr	"Il s‚Äôest d'abord fait conna√Ætre √† #TopChef, puis avec l'ouverture de son #restaurant MoSuke en septembre 2020 (il obtient une √©toile Michelin quatre mois plus tard).
üëâ Rencontre avec Mory Sacko, le chef le plus styl√© de Paris !
https://t.co/WNZ8G10pI0 https://t.co/Blvs5WA5Zd"	France	0	0	2021-06-30 06:00:15.543655	cafeyn
1409869777116536840	fr	2021-06-29 13:42:03	aunisien	@canalplus @cafeyn_fr Merci mais vous avez omis un l√©ger d√©tail ! üò° donc plus de Midol‚Ä¶ https://t.co/RrwSwqlrla	La Rochelle / Ste Soulleüá´üá∑	1	0	2021-06-30 06:00:15.543678	cafeyn
1409864800939790339	fr	2021-06-29 13:22:17	canalplus	@aunisien @cafeyn_fr Directement sur l'app/le site Midi Olympique :) https://t.co/qexv1titnj		0	0	2021-06-30 06:00:15.543703	cafeyn
1409859569849884676	fr	2021-06-29 13:01:30	aunisien	J‚Äôai un souci ou Le Midol n‚Äôest plus disponible avec l‚Äôoffre @cafeyn_fr de @canalplus ?	La Rochelle / Ste Soulleüá´üá∑	0	0	2021-06-30 06:00:15.543725	cafeyn
1409853232130764800	it	2021-06-29 12:36:19	_i_n_d_i_o_	"Avere un cervello √® fonte di disagio per qualcuno...  
Spiace...  

https://t.co/5vVI9xSnRD https://t.co/5jGdnmcIJH https://t.co/K8YjUAKo3l"	#√âraseUnaVezEnM√©xico ‚§ú·¥¨‡¶è·¥∞‚ü∂‚ö≠	0	0	2021-06-30 06:00:15.543748	cafeyn
1409837104130052103	fr	2021-06-29 11:32:13	b_dsn	"@cafeyn_fr @LariviereDiff Wow... Je peux avoir MicroSim en forfait illimit√© mais je perds la revue Management...
Question : si je passe en illimit√© aurais-je par exemple la revue Management mais en payant au num√©ro ?"	Evreux / France	0	0	2021-06-30 06:00:15.543771	cafeyn
1409830683590135812	fr	2021-06-29 11:06:43	b_dsn	@thierrykeith @cafeyn_fr @LariviereDiff @cafeyn En effet, nous n'avons re√ßu aucune information, je confirme...	Evreux / France	1	0	2021-06-30 06:00:15.543795	cafeyn
1409830547208167431	fr	2021-06-29 11:06:10	b_dsn	@cafeyn_fr @LariviereDiff Pardon ??? Alors qu'il l'√©tait jusqu'au mois dernier !!! J'ai en effet le dernier MicroSimulateur de mai et Il ne vous vient pas √† l'id√©e de nous informer ?	Evreux / France	0	0	2021-06-30 06:00:15.543817	cafeyn
1409824387596013569	fr	2021-06-29 10:41:41	usapistes	@cafeyn_fr @midi_olympique Bonjour. En passant par le compte canal+	Perpignan	0	0	2021-06-30 06:00:15.543839	cafeyn
1409823058148270081	fr	2021-06-29 10:36:24	cafeyn_fr	"#Liban : Apr√®s une √©ni√®me chute de la livre libanaise, les manifestations ont essaim√© ce week-end √† diff√©rents endroits du pays, meurtri par la pauvret√© et les p√©nuries. √Ä #Beyrouth, la population d√©sesp√®re alors que l‚Äôimpasse politique semble totale.
https://t.co/GRkJTN1RCc https://t.co/LiJAbA0VjB"	France	1	0	2021-06-30 06:00:15.543862	cafeyn
1409822175691825156	fr	2021-06-29 10:32:54	thierrykeith	"@cafeyn_fr @b_dsn @LariviereDiff @cafeyn Bien re√ßu merci. Il y aurait donc alors un catalogue r√©duit li√© √† l‚Äôoffre MyCanal et qui serait plus r√©duit que celui des autres abonnements et sans que cela ne soit sp√©cifi√© √† l‚Äôabonn√© ?
C‚Äôest tr√®s √©trange d‚Äôautant que nombre des revues que je suivais ont disparu de l‚Äôabonnement"		1	0	2021-06-30 06:00:15.543885	cafeyn
1409821140948639744	fr	2021-06-29 10:28:47	cafeyn_fr	@thierrykeith @b_dsn @LariviereDiff @cafeyn Nous vous invitons √† consulter le lien du catalogue li√© √† l'offre MyCanal : https://t.co/Jpc6EJADrB	France	0	0	2021-06-30 06:00:15.543908	cafeyn
1409820854532415488	fr	2021-06-29 10:27:39	cafeyn_fr	@b_dsn @LariviereDiff Comme nous vous avons inform√©, le titre est √©ligible au forfait illimit√© Cafeyn et pas au forfait cr√©dit. Merci de votre compr√©hension !	France	0	0	2021-06-30 06:00:15.543930	cafeyn
1409820801927364608	fr	2021-06-29 10:27:27	thierrykeith	@cafeyn_fr @b_dsn @LariviereDiff En ce qui me concerne offre @cafeyn associ√©e √† mon abonnement MyCanal.		0	0	2021-06-30 06:00:15.543953	cafeyn
1409816800855052291	fr	2021-06-29 10:11:33	b_dsn	@cafeyn_fr @LariviereDiff Non les micro sim n'apparaissent plus... Fait √† l'instant.	Evreux / France	0	0	2021-06-30 06:00:15.543977	cafeyn
1409816694223147013	fr	2021-06-29 10:11:07	b_dsn	@cafeyn_fr @thierrykeith @LariviereDiff Forfait extra	Evreux / France	0	0	2021-06-30 06:00:15.544000	cafeyn
1409815706649120772	fr	2021-06-29 10:07:12	cafeyn_fr	@leprincedebeLR Bonjour, nous sommes navr√©s de la r√©ponse tardive. Si vous rencontrez toujours le m√™me probl√®me, nous vous invitons √† contacter le service client Cafeyn √† l'adresse email suivante : support@cafeyn.co	France	1	0	2021-06-30 06:00:15.544023	cafeyn
1409815477325598721	fr	2021-06-29 10:06:17	cafeyn_fr	@gaeltrevien Bonjour, nous sommes navr√©s de la r√©ponse tardive. Veuillez contacter le service client Cafeyn √† l'adresse email suivante : support@cafeyn.co	France	0	0	2021-06-30 06:00:15.544046	cafeyn
1409815155257581573	fr	2021-06-29 10:05:00	cafeyn_fr	@usapistes @midi_olympique Bonjour, pourriez-vous nous pr√©ciser l'offre concern√©e par votre demande ?	France	0	0	2021-06-30 06:00:15.544068	cafeyn
1409814902689218562	fr	2021-06-29 10:04:00	cafeyn_fr	@thierrykeith @b_dsn @LariviereDiff Pourriez-vous nous pr√©ciser l'offre √† laquelle vous √™tes abonn√© ?	France	1	0	2021-06-30 06:00:15.544092	cafeyn
1409814703409356806	fr	2021-06-29 10:03:13	cafeyn_fr	@b_dsn @LariviereDiff Bonjour et merci pour votre message. Micro Simulateur est toujours disponible sur Cafeyn et est √©ligible au forfait illimit√©. Le dernier num√©ro a √©t√© mis en ligne en date du 08/06	France	1	0	2021-06-30 06:00:15.544115	cafeyn
1409805653766459394	fr	2021-06-29 09:27:15	cafeyn_fr	@bendebx @myCANAL @InfoAbonneCanal Bonjour, nous vous informons que le titre concern√© par votre demande n'est pas √©ligible √† l'offre MyCanal suite √† une d√©cision de l'√©diteur. Toutefois, ce dernier est √©ligible au forfait illimit√© Cafeyn. Merci	France	0	0	2021-06-30 06:00:15.544138	cafeyn
1409789297805385734	fr	2021-06-29 08:22:15	cafeyn_fr	La douche froide et la fin du r√™ve pour les Bleus : https://t.co/dMqFFDzux6 https://t.co/Zbuz6Dql5l	France	0	0	2021-06-30 06:00:15.544161	cafeyn
1409781770397028355	fr	2021-06-29 07:52:21	LotiLycee	"üóûÔ∏è Loti News, nouveaux articles ! Retrouvez les coll√©giens sur leur web journal : francophonie en Turquie, Alice in Wonderland, conte, club psycho, Napol√©on, triangle des Bermudes, esidoc/Cafeyn, etc. !
üëâ https://t.co/uHtpn0hOpN 
üëâ https://t.co/Ll0U20ohQl https://t.co/dVA418SuyJ"	Istanbul - Turquie	3	1	2021-06-30 06:00:15.544184	cafeyn
1409162181220999172	fr	2021-06-27 14:50:19	ThibautDouay	"Marianne : Esprit libre. Non-vaccin√©s : la patience a des limites
 https://t.co/STr1wTzSv5"	Plainville	0	0	2021-06-30 06:00:15.544390	cafeyn
1409157229245259776	fr	2021-06-27 14:30:38	cafeyn_fr	Oubli√©e de l‚Äôhistoire, Marie-Ang√©lique Le Blanc est un cas tr√®s rare d‚Äôenfant sauvage en France √† avoir r√©ussi √† parler, √©crire et lire apr√®s plusieurs ann√©es de vie en for√™t. https://t.co/supYrlkSqm https://t.co/U9ihDZwtPK	France	0	0	2021-06-30 06:00:15.544413	cafeyn
1409149547381669892	fr	2021-06-27 14:00:07	cafeyn_fr	Partout en #France, p√¢tisseries et ouvrages sp√©cialis√©s pr√¥nent des g√¢teaux plus l√©gers et plus sains, alors pourquoi se priver‚Äâ? Retrouvez toutes les bonnes adresses ici : https://t.co/npRFFmKSVs #Patisserie #cuisine #sant√© https://t.co/gC4GYflSld	France	0	0	2021-06-30 06:00:15.544435	cafeyn
1409134445714608131	fr	2021-06-27 13:00:06	cafeyn_fr	C‚Äôest une pratique ill√©gale, mais persistante dans certaines communaut√©s pentec√¥tistes aux √âtats-Unis. Le snake handling, ou manipulation de #serpents durant le #culte, tue r√©guli√®rement des adeptes, victimes de morsures l√©tales üëâ https://t.co/qyfgyWZPGn #religion https://t.co/drvNVYeLkp	France	0	0	2021-06-30 06:00:15.544458	cafeyn
1409119391816560645	fr	2021-06-27 12:00:17	cafeyn_fr	Ils viennent du #Ghana, du #Nigeria ou d'#Afrique du Sud, et triomphent dans les ventes d'art contemporain : la #peinture Africaine conna√Æt un essor sans pr√©c√©dent. Explications et visite guid√©e : https://t.co/XnrUhUl99E https://t.co/z4zocAspxB	France	0	0	2021-06-30 06:00:15.544481	cafeyn
1409104265717628933	fr	2021-06-27 11:00:11	cafeyn_fr	Le nombre de sanctions dans la #police au plus bas ces deux derni√®res ann√©es üëâ https://t.co/AJLpMjCuLY https://t.co/y1th5IjmcO	France	1	0	2021-06-30 06:00:15.544504	cafeyn
1409092716194111490	fr	2021-06-27 10:14:17	cafeyn_fr	"Royaume-Uni : Matt Hancock, le ministre de la Sant√© d√©missionne apr√®s avoir enfreint les r√®gles anti-Covid dans le cadre d'une liaison avec une conseill√®re.
https://t.co/LSqVlHwaik https://t.co/G17bN21xaL"	France	1	0	2021-06-30 06:00:15.544526	cafeyn
1409089294258610177	en	2021-06-27 10:00:42	O2	@magsljh Ah okay Marguerite. As this is the date showing on the Cafeyn site you'd need to speak directly to them about this. You can contact Cafeyn through their app- head to the Help section to do this. Alternatively, drop them an email at support@cafeyn.co	UK	1	0	2021-06-30 06:00:15.544550	cafeyn
1409084407844118528	fr	2021-06-27 09:41:17	lafleurpierrick	"Le Journal du Dimanche : Aide aux victimes : six minutes maximum ?
#startupnation https://t.co/ilz2q2YdHH"	Nantes (comme tout le monde)	0	0	2021-06-30 06:00:15.544572	cafeyn
1409083256507666433	en	2021-06-27 09:36:42	magsljh	@cafeyn_uk, where are the Black magazines?		0	0	2021-06-30 06:00:15.544595	cafeyn
1409080703829094404	en	2021-06-27 09:26:33	magsljh	@O2 l have a free extra, which is for 12 months with @cafeyn_uk. It was only activated in May 2021. However, the subscription says the offer ends this month. We are still in 2021, right?		0	0	2021-06-30 06:00:15.544618	cafeyn
1409075895667675140	fr	2021-06-27 09:07:27	jszanchi	¬´¬†Je crois beaucoup aux mots. Pour plein de choses. Pour la s√©duction. Pour sortir de l‚Äôangoisse. Pour sortir de la violence.¬†¬ª https://t.co/JEd1pdl3JE		1	0	2021-06-30 06:00:15.544641	cafeyn
1409064899469361152	fr	2021-06-27 08:23:45	thierrykeith	@b_dsn @cafeyn_fr @LariviereDiff Je m‚Äô√©tais d√©j√† d√©sabonn√© depuis que l‚Äôoffre est incluse dans mon abonnement Canal + mais oblig√© effectivement d‚Äôaller chercher ailleurs, le suivi des publications n‚Äô√©tant pas fiable sur @cafeyn_fr.		1	0	2021-06-30 06:00:15.544664	cafeyn
1409064163570327552	fr	2021-06-27 08:20:50	b_dsn	@thierrykeith @cafeyn_fr @LariviereDiff Bah √ßa sent le d√©sabonnement de @cafeyn_fr √ßa...	Evreux / France	0	0	2021-06-30 06:00:15.544686	cafeyn
1409063958829580288	fr	2021-06-27 08:20:01	thierrykeith	"@b_dsn @cafeyn_fr @LariviereDiff Oui m√™me chose pour moi, plusieurs publications que je lisais depuis des mois sur @cafeyn_fr (Le Point, Le Fana de l‚ÄôAviation) et puis subitement plus rien sans aucun pr√©avis ni explication. 
Tr√®s r√¢lant et pas top pour le client."		1	0	2021-06-30 06:00:15.544709	cafeyn
1409063815963152386	fr	2021-06-27 08:19:27	Damebea	"Le marronnier des travaux de groupe au lyc√©e, √† la fac : en vrai, c'est toujours les m√™mes qui bossent. Le challenge, c'est : approcher et s'associer avec le bon √©l√®ve/√©tudiant

Marianne : Tout va bien. √âviter le flash-bac

https://t.co/6ihjOf9tMc"	Ile-de-France, France	1	0	2021-06-30 06:00:15.544732	cafeyn
1409026045722992643	fr	2021-06-27 05:49:22	bendebx	‚Å¶@myCANAL‚Å© ‚Å¶@InfoAbonneCanal‚Å© ‚Å¶@cafeyn_fr‚Å© bonjour, pourquoi Midi Olympique a disparu de l‚Äôapplication ? (Les derniers num√©ros et aussi les anciens)???? ü§î‚òπÔ∏èüò° https://t.co/xu18bAXIAy	Bordeaux	0	0	2021-06-30 06:00:15.544755	cafeyn
1408512269391126536	und	2021-06-25 19:47:48	LerouxArthur10	"@jeanpaul_kopp @JeanSeb @laprovence @ALouisDeputee13 @saidahamada @Syl_Pol https://t.co/qVxeH3LYm1
üòâ"	Marseille	0	0	2021-06-30 06:00:15.544957	cafeyn
1408454942113865729	fr	2021-06-25 16:00:00	CB_News	#MOBILE @cafeyn_fr lance des collections de c√©l√©brit√©s, une curation de contenus √©ditoriaux, r√©alis√©e par des personnalit√©s publiques https://t.co/03s32s6z3S	Boulogne Billancourt	0	0	2021-06-30 06:00:15.544980	cafeyn
1408422253662982160	fr	2021-06-25 13:50:07	juliayme	"L'√©quipe contenus de @cafeyn_fr cherche 2 stagiaires et/ou https://t.co/qxMbHfm7j4 pour septembre ! üöÄ

üîç Un.e charg√©.e de d√©veloppement partenariats √©diteurs : https://t.co/MPcOYhrssV

üîç Un.e business developer relations √©diteurs : https://t.co/XDiGHSwkok"	Paris, France	0	0	2021-06-30 06:00:15.545002	cafeyn
1408342618908528642	fr	2021-06-25 08:33:40	cafeyn_fr	"Face √† la progression du variant #Delta, la France doit-elle revoir sa liste des pays en ""rouge""? Certains pays dans lesquels cette souche circule √©chappent encore aux strictes restrictions.
https://t.co/GFi1LWQpPh https://t.co/qlYfvJ1u15"	France	1	0	2021-06-30 06:00:15.545024	cafeyn
1408340518405279751	fr	2021-06-25 08:25:19	cafeyn_fr	"Les ossements retrouv√©s dans le Gard sont probablement ceux de Lucas Tronche.
Ils ont √©t√© retrouv√©s au milieu de vignes, entre un mas et une paroi rocheuse tr√®s difficile d‚Äôacc√®s. 
https://t.co/S5UjqznPKy https://t.co/HODa4nFRbV"	France	0	1	2021-06-30 06:00:15.545047	cafeyn
1408310287862845443	fr	2021-06-25 06:25:12	LucROULIN	"Bizarre bizarre, seul le pr√©nom de la victime Myriam est cit√©, doit on on en conclure que les interpell√©es seraient issues des ¬´¬† chances pour la France¬†¬ª ou bien ne serait ce qu‚Äôune omission ??? üßêüßêüßê
Le Parisien Paris :  https://t.co/hmyVFLyAAz"		1	0	2021-06-30 06:00:15.545069	cafeyn
1407785428791574531	fr	2021-06-23 19:39:36	TL_293	@GDiGrazia @Eurosport_FR @cafeyn_fr Et surtout il faut absolument lire ¬´¬†Orage et d√©sespoirs ¬ª car c‚Äôest du bonheur et c‚Äôest comme si on entend @GDiGrazia nous le lire ü§óü§óü§ó #OrageEtD√©sespoirs		0	0	2021-06-30 06:00:15.545316	cafeyn
1407770263207432194	fr	2021-06-23 18:39:20	LaraCro48531499	@cockalight @cafeyn_fr @Cdiscount N'achetez plus chez ces escrocs. Ils nous ont envoy√© par 2 fois le mauvais   et de ce fait j'ai demand√© le remboursement. Ces voleurs ne remboursent pas ils font des bons d'achats et d√©duisent le transport retour. Bannissez cdiscount √† tout prix. Incomp√©tence totale		0	0	2021-06-30 06:00:15.545338	cafeyn
1407727301765341188	en	2021-06-23 15:48:37	dave_morgan4	@cafeyn_uk anyone else experiencing a problem whereby cafeyn ask you to subscribe when you're already a subscriber ?		0	0	2021-06-30 06:00:15.545361	cafeyn
1407724413701795841	fr	2021-06-23 15:37:09	EmmanuelleFaure	@GDiGrazia @Eurosport_FR @cafeyn_fr Tour et d√©tours et m√™me retours !	Paris	2	0	2021-06-30 06:00:15.545383	cafeyn
1407724008934711304	fr	2021-06-23 15:35:32	JTvelo	"@GDiGrazia @Eurosport_FR @cafeyn_fr Eurosport sera sur place pour ce tour de France !? 
Ou vous commentez de Paris ?"	France	0	0	2021-06-30 06:00:15.545405	cafeyn
1407723916760686596	fr	2021-06-23 15:35:10	EmmanuelleFaure	"A quelques jours du Tour de France qu'il commentera sur @Eurosport_FR, d√©couvrez les lectures de @GDiGrazia sur @cafeyn_fr ü§ì 

#LesRP https://t.co/usO4LQFrXe"	Paris	11	2	2021-06-30 06:00:15.545427	cafeyn
1407722946660081665	fr	2021-06-23 15:31:19	GDiGrazia	"Merci @Eurosport_FR et @cafeyn_fr : Un vrai plaisir de vous faire profiter de mes lectures de ces derniers jours. Tour et d√©tours.
#Velo #Voyage #Gastronomie #Racines https://t.co/xQx2k4fGH2"	Paris, France	44	9	2021-06-30 06:00:15.545449	cafeyn
1407710655407341570	fr	2021-06-23 14:42:28	cafeyn_fr	"Et si vos enfants, eux aussi, devenaient accros aux podcasts ? Voici une s√©lection de programmes audio, amoureusement concoct√©s pour de jeunes oreilles chez @ELLEfrance
https://t.co/zL5PlkjwW9 https://t.co/oTFFx1go3L"	France	0	0	2021-06-30 06:00:15.545471	cafeyn
1407665148614094852	fr	2021-06-23 11:41:39	DomHowardCalais	@chrislepineF3 @cafeyn_fr S√©rieux ? Je vais aller voir cela !		0	0	2021-06-30 06:00:15.545493	cafeyn
1407665107786739719	fr	2021-06-23 11:41:29	DomHowardCalais	@chrislepineF3 @cafeyn_fr Y‚Äôa pas mal de beugues en effet sur cette appli‚Ä¶. √áa ne vaut pas SFR presse malheureusement !		0	0	2021-06-30 06:00:15.545515	cafeyn
1407664755138076672	fr	2021-06-23 11:40:05	chrislepineF3	@DomHowardCalais @cafeyn_fr Au fait je t avais envoy√© un MP y a longtemps ;)	Hauts-de-France	0	0	2021-06-30 06:00:15.545538	cafeyn
1407664691246141440	fr	2021-06-23 11:39:50	chrislepineF3	@DomHowardCalais @cafeyn_fr Lib√©ration / alternatives √©conomiques / Le Figaro / nord littoral / la phr ‚Ä¶ ils n apparaissent plus dans le catalogue comme s ils avaient disparu ‚Ä¶ mais quand on fait recherche on les retrouve sans pouvoir les ouvrir ‚Ä¶	Hauts-de-France	0	0	2021-06-30 06:00:15.545560	cafeyn
1407662346223423490	fr	2021-06-23 11:30:31	DomHowardCalais	@chrislepineF3 @cafeyn_fr Genre quels titres ?		0	0	2021-06-30 06:00:15.545728	cafeyn
1407660500868112385	fr	2021-06-23 11:23:11	chrislepineF3	La moiti√© des titres de @cafeyn_fr ne sont plus accessibles sur mon offre sfr et aucune r√©ponse . Pas cool	Hauts-de-France	0	0	2021-06-30 06:00:15.545758	cafeyn
1407642386126282761	fr	2021-06-23 10:11:12	AnasAlaoui	"""Celui qui a le contr√¥le du pass√©, a le contr√¥le du futur. Celui qui a le contr√¥le du pr√©sent a le contr√¥le du pass√©.""

 L'Opinion : R√©vision. En Chine, l‚Äôhistoire du Parti communiste ne se d√©construit pas, elle se reconstruit

https://t.co/Fz1wv7JzFk"	Paris	1	0	2021-06-30 06:00:15.545781	cafeyn
1407634089860022273	fr	2021-06-23 09:38:14	cafeyn_fr	"@Germain__B Bonjour, nous s'excusons de la g√™ne occasionn√©e.
Nous avons remont√© votre remarque √† notre d√©partement technique, qui proc√©dera √† la r√©ctification de cette derni√®re.
Merci de votre compr√©hension et bonne journ√©e √† vous !"	France	0	0	2021-06-30 06:00:15.545804	cafeyn
1407630112024051713	fr	2021-06-23 09:22:25	cafeyn_fr	"Les droits des ch√¥meurs ne changeront pas au 1er juillet : Le Conseil d‚Äô√âtat a demand√© √† revoir le calendrier mais ne remet pas en cause le fond de la #r√©forme de l‚Äôassurance #ch√¥mage.
https://t.co/ZVKWhZffTy https://t.co/yraG4gIfNt"	France	0	0	2021-06-30 06:00:15.545826	cafeyn
1407624522132602887	fr	2021-06-23 09:00:13	cafeyn_fr	"Ferm√© notamment pour raisons de s√©curit√© il y a seize ans, La #Samaritaine rouvre ses portes ce mercredi. Retour sur l‚Äôhistoire de ce lieu mythique de la capitale, temple de la mode √† l‚Äô#architecture spectaculaire.
https://t.co/TbbOiVBM3l 
#paris https://t.co/cWY1o3iPGi"	France	0	0	2021-06-30 06:00:15.545848	cafeyn
1407620277014515714	fr	2021-06-23 08:43:21	cafeyn_fr	"Les salari√©s d'Europe 1 en gr√®ve !
 Apr√®s l‚Äôannonce de programmes communs avec la tr√®s droiti√®re #CNews, ils craignent que Vincent #Bollor√© prenne de plus en plus de place dans la gestion de la station.
https://t.co/vRDbVzscBG #radio https://t.co/BQJUxmT1tT"	France	0	0	2021-06-30 06:00:15.545871	cafeyn
1407596711711850500	fr	2021-06-23 07:09:42	emmaechass	Psychologies : Le philosophe des bois https://t.co/jeGvGkgpEw	Nantes, France	0	0	2021-06-30 06:00:15.545914	cafeyn
1407591764337254403	fr	2021-06-23 06:50:03	Hechter1970	"Bah du coup, il ne reste plus grand chose quand m√™me ü§îü§îü§î
 https://t.co/aw7fin6XeZ"	Chartres, France	1	0	2021-06-30 06:00:15.545936	cafeyn
1407589178490212352	fr	2021-06-23 06:39:46	HavardAnne	"Lib√©ration : CNews se tient de plus en¬†plus droite

https://t.co/jPXexaiYpS"		0	0	2021-06-30 06:00:15.545957	cafeyn
1407070499541340166	fr	2021-06-21 20:18:43	YGallene	"Tout cela est minable....üëéüèø en fait ce r√©gime c‚Äôest tol√©rance z√©ro et destruction totale.  F√™te de la musique : √©vacuation polici√®re du rassemblement √† l‚Äôappel du ¬´Projet¬†X¬ª aux Tuileries
 https://t.co/INAJj0t89X"	Arles	0	0	2021-06-30 06:00:16.110231	cafeyn
1407070206296571904	fr	2021-06-21 20:17:33	Ageraud35	@navnav13 Et si par hasard tu as un abonnement Canal + tu peux te connecter √† Cafeyn avec ton ID th√©oriquement	Rennes, France	1	0	2021-06-30 06:00:16.110242	cafeyn
1407069732214394882	fr	2021-06-21 20:15:40	marc_deal	@navnav13 je suis abonn√© √† Cafeyn, avec pleins d' acc√©s √† pleins de journaux		1	0	2021-06-30 06:00:16.110253	cafeyn
1409959827170906116	en	2021-06-29 19:39:53	albedopoint9	"@Simple_john1 Love Readly, saved me a fortune.

In other news, Countdown is now unwatchable."	England	0	0	2021-06-30 06:00:23.038963	readly
1409937412793454593	nl	2021-06-29 18:10:49	PepperNederland	[Hete aanbieding] 6 weken gratis Readly abonnement https://t.co/cLX7FTHn1Z https://t.co/bEmeg0FatN		0	0	2021-06-30 06:00:23.038992	readly
1409920360095567882	en	2021-06-29 17:03:03	AfterDinnerCon	Do you annoy your friends with the trolley problem?  Then you will enjoy After Dinner Conversation: #Philosophy | #Ethics Short Story Magazine magazine and unlimited access to over 5,000 magazines on your mobile and tablet on #Readly.  Just $9.99 a month.  https://t.co/btUNz1MCwO https://t.co/54FpygcV3l		0	0	2021-06-30 06:00:23.039005	readly
1409892419034882050	en	2021-06-29 15:12:01	NovakSoul	Readly available. Taking orders online only https://t.co/sIe8iJ9QpY	Lusaka, Zambia	0	0	2021-06-30 06:00:23.039018	readly
1409867814865887232	cs	2021-06-29 13:34:15	Jablickar	Aplikace dne: Readly aneb virtu√°ln√≠ novinov√Ω st√°nek https://t.co/iYYXVu6zZW https://t.co/jFYDhYCaMW	ƒåesk√° republika	0	0	2021-06-30 06:00:23.039031	readly
1409867266104115203	sv	2021-06-29 13:32:04	joakimgranlund	@mickesmygarn Har s√•nt Readly-konto. Vill du ha hela?	V√§xj√∂	0	0	2021-06-30 06:00:23.039043	readly
1409836603804205057	en	2021-06-29 11:30:14	Motor_Sport	"We are delighted to be partnering with @ReadlyGlobal on a new collection called Readly Retros!

To kick-start this, the first set of magazines will be chosen by former #F1 racing driver, @JensonButton 

Claim your FREE 2 month trial: https://t.co/ETNaQ2xXlq https://t.co/fOuEKfuD9b"	London, England	5	0	2021-06-30 06:00:23.039056	readly
1409829759383703556	en	2021-06-29 11:03:02	LWLies	"Little White Lies is available digitally as well as in print! Catch us across the following platforms‚Ä¶

Zinio: https://t.co/dmDjwHEuHH
Readly: https://t.co/CPbxCDrr7K
Pocketmags: https://t.co/a8LzwrOr0F
Apple News+: https://t.co/N2ZxGRwYb3 https://t.co/wfSB6lY8XC"		1	0	2021-06-30 06:00:23.039068	readly
1409824918250917891	de	2021-06-29 10:43:48	Tibosuess	@BentFreiwald @krautreporter Ich wollte damit nur auf das Preis-Leistungsverh√§ltnis journalistischer Angebote aufmerksam machen,das bei den meisten Produkten einfach schlecht ist,im Vergleich mit anderen Medienangeboten. #Readly (9,99‚Ç¨/M) = gut, eine einzige Online Zeitung f√ºr 8 bis 30 ‚Ç¨/Monat = schlecht	Alpha Quadrant - Planet Erde	0	0	2021-06-30 06:00:23.039080	readly
1409807985724071938	en	2021-06-29 09:36:31	factorlyfiction	"Blankningar:
* Readly International AB 0.66% (-0.5%)
#finanstwitter #blankningar"	Sverige	0	0	2021-06-30 06:00:23.039093	readly
1409803842741587968	en	2021-06-29 09:20:03	bsmeinfo	"Introducing the guest presenters for the BSME Talent Awards 2021, in association with Readly, Gaby Huddart, Group Editorial Director of Hearst UK‚Äôs Lifestyle division.üòä

#bsmetalentawards2021 #lifestylejournalism #editorial https://t.co/y87gUK1OTC"	United Kingdom	1	0	2021-06-30 06:00:23.039105	readly
1409799755253886979	en	2021-06-29 09:03:49	bsmeinfo	Introducing the guest presenters for the BSME Talent Awards 2021, in association with Readly! Susie Dent is a writer and broadcaster on language. She is the resident word expert on C4's Countdown, and also appears on the show's comedy sister 8 out of 10 Cats does Countdown üòö https://t.co/vabnLFKsO3	United Kingdom	5	0	2021-06-30 06:00:23.039118	readly
1409787172983607296	en	2021-06-29 08:13:49	bsmeinfo	"Introducing the guest presenters for the BSME Talent Awards 2021, in association with Readly! Nimco Ali OBE is a Somali British social activist and writer. She co-founded Daughters of Eve, a non-profit organisation.üëèüíñ. 

#bsmetalentawards2021 https://t.co/Euf9I2xdhD"	United Kingdom	3	1	2021-06-30 06:00:23.039129	readly
1409783697834926081	en	2021-06-29 08:00:00	The_Gentleman_M	"Issue 27 of The Gentleman Magazine is now out featuring Michael Baum, CEO &amp; Founder of VIVANT on the cover. It's now available in Print: https://t.co/7lnULUxlm5 Online: https://t.co/PTZU9GYLjo  On Readly: https://t.co/i58kAPGSVm or Yumpu News: https://t.co/sfJ0MR0jEc

#winelover https://t.co/2k1Gz0BjAh"	United Kingdom	0	1	2021-06-30 06:00:23.039141	readly
1409774056883200000	en	2021-06-29 07:21:42	OJMATINEE	"Don't miss this time out with. @Zlatan_Ibile ...Come Party with The King of the Street this Friday at  @AboveLounge.
...#ZlatanxAboveLounge. 
#BreakTheBankWithZlatan Season one ... ALL Information are Readly here...For sponsorship kindly Call the Numbers below..... https://t.co/JGnhbB6VJv"		110	109	2021-06-30 06:00:23.039153	readly
1409770702140551176	en	2021-06-29 07:08:22	GAMELakeside	"Roll the dice and play some classic mini games with all of your favourite Nintendo characters.
#mario is having a party so get your invite by reserving your copy of #MarioPartySuperstars now @GAMELakeside readly for launch.
#cheaperwhenyoutradein #gameelite https://t.co/7jO7OsCqgI"	Lakeside Shopping Centre LVL1	0	0	2021-06-30 06:00:23.039164	readly
1409769865510936578	sv	2021-06-29 07:05:02	CisionNews	Svenska semesterdestinationer i topp ‚Äì men utl√§ndska resm√•l √∂kar bland s√∂kresultaten visar Readlys analys https://t.co/wdFUplzjUI		0	0	2021-06-30 06:00:23.039177	readly
1409753497868898304	en	2021-06-29 06:00:00	The_Gentleman_M	@TAGHeuer Announces New Brand Ambassador, Basketball Superstar @JimmyButler Find out more in the latest issue which is now available in Print: https://t.co/7lnULUxlm5 Online: https://t.co/PTZU9GYLjo  On Readly: https://t.co/i58kAPGSVm or Yumpu News: https://t.co/sfJ0MR0jEc https://t.co/Tr79DsNHG5	United Kingdom	1	1	2021-06-30 06:00:23.039189	readly
1409736823643930624	en	2021-06-29 04:53:45	premiumslly	"1MONTH SUBSCRIPTIONS 

‚Ä¢HOOTSUITE - 35
‚Ä¢NAPSTER - 35
‚Ä¢WATTPAD - 35
‚Ä¢ EPIDEMIC SOUND - 35
‚Ä¢ SOLO LEARN - 35
‚Ä¢ BLINKIST - 35
‚Ä¢ PUREFLIX -  35
‚Ä¢ READLY - 35
‚Ä¢ CALM - 35
‚Ä¢ ACORN TV - 35
‚Ä¢ BRITBOX - 35

‚Ä¢ NETFLIX CRACK ACCOUNT - 35    log-in warraty onylu"	dm to avail	0	0	2021-06-30 06:00:23.039201	readly
1409355646588313602	nl	2021-06-28 03:39:05	visuelehandicap	"Readly, tijdschriften lezen als je slechtziend bent (Webinar)

Als je een tijdschrift wilt lezen maar het is lastig als je slechtziend bent, dan kan digitaal lezen een oplossing zijn.
https://t.co/eZqGtcnoCx
https://t.co/SLlE2JAQ66"		0	0	2021-06-30 06:00:23.039584	readly
1409332451277635588	en	2021-06-28 02:06:55	AndrewP76362158	@IAMCLAAS The most damaging drug is legal are readly available for your consumption:)		0	0	2021-06-30 06:00:23.039596	readly
1409320835849019392	en	2021-06-28 01:20:45	speelingmstake	Notebook magazine's design fail actually making it the most relevant option on Readly right now. https://t.co/nHA8YmVmHz	Glasgow, Scotland	0	0	2021-06-30 06:00:23.039607	readly
1409252299650830340	en	2021-06-27 20:48:25	callmejiggly	Sign up to get 1 month entirely for free and start reading unlimited magazines right away. I love it and think you will too! https://t.co/v8IDVqyirb	Manchester, England	1	0	2021-06-30 06:00:23.039619	readly
1409179371366191106	en	2021-06-27 15:58:38	lucie39	Best source for online magazine reading https://t.co/kR0DxGZuZt	MA	0	0	2021-06-30 06:00:23.039631	readly
1409167254118338572	fr	2021-06-27 15:10:29	BenoitPhoto67	@goopbjorn bonjour √† vous Bjorn, que devient Readly Express, pas de descendant. why, c est un ready cash, les g√©n√©rations saute une case des fois.? J 'espere que le cheval, va bien ? Beno√Æt Bonne chance √† vous	 Paris alpes cote d azur	0	0	2021-06-30 06:00:23.039643	readly
1409166221707296775	fr	2021-06-27 15:06:22	BenoitPhoto67	"#BjornGoop Bonjour, √† vous, que devient, Readly Express, je ne vois pas de descendant, why??? Beno√Æt 
Plein de bonnes choses √† vous ! Pour la suite."	 Paris alpes cote d azur	0	0	2021-06-30 06:00:23.039655	readly
1409152384857743364	en	2021-06-27 14:11:23	Arianapinkchum	@Pris_wangeci üòπüòπüòπ readly available	home	1	0	2021-06-30 06:00:23.039667	readly
1409146245545877507	en	2021-06-27 13:47:00	themidult	"This week, on the podcast, we wonder if we are doing anything right and why sometimes it feels as if our lives are at the mercy of some evil writers who keep shouting PLOT TWIST‚Ä¶. https://t.co/sIg0pXQE3M

This podcast is bravely brought to you by @readly. https://t.co/NPYVKhRZ0I"		4	0	2021-06-30 06:00:23.039679	readly
1409083549731405828	de	2021-06-27 09:37:52	bmzimmermann	@ja_chut Das kann tats√§chlich sein. Readly nutze ich nicht, Blendle nur selten.	Berlin, Deutschland	1	0	2021-06-30 06:00:23.039691	readly
1408546153206104066	en	2021-06-25 22:02:27	mrsalexaturner	@dababycorvette @Grammarly @readly finally you‚Äôre reaching out for help	On Alex‚Äôs bed	0	0	2021-06-30 06:00:23.039844	readly
1408539773094879234	und	2021-06-25 21:37:05	dababycorvette	@mrsalexaturner @Grammarly @readly OUT**	prns - she/her	0	0	2021-06-30 06:00:23.039856	readly
1408539668161785856	en	2021-06-25 21:36:40	dababycorvette	@mrsalexaturner @Grammarly @Grammarly @Readly help a sister our??	prns - she/her	0	0	2021-06-30 06:00:23.039867	readly
1408519245772869635	en	2021-06-25 20:15:31	commanderwhitby	@runningpunks Just read on the readly app - was great!	Leeds, England	2	0	2021-06-30 06:00:23.039879	readly
1408494352666660868	de	2021-06-25 18:36:36	OptionMagazin	"Gewinnen: 1 Jahr Readly als Geschenkkarte 

https://t.co/ujpxtnIOqf https://t.co/gBCAUEuOXS"	Wien	0	0	2021-06-30 06:00:23.039891	readly
1408488889652854786	und	2021-06-25 18:14:54	BenjiStansfield	https://t.co/A97EYDHe3U https://t.co/tkTw2iFB6j	Toronto	0	0	2021-06-30 06:00:23.039903	readly
1408478699217956870	de	2021-06-25 17:34:24	Deaf_Investor	"@ollinvest Falls es heute nicht allein Readly gehen soll (dann sorry!): Ich habe mir gestern zwei neue Depotwerte zugelegt:

- Helios Towers (Mobilfunkt√ºrme)
- Shoprite (Supermarktkette)

Absicht: Direktinvestments in Afrika als Kontinent. Haltedauer min. 10+ Jahre."		3	0	2021-06-30 06:00:23.039914	readly
1408449670741860354	de	2021-06-25 15:39:03	snipz	Neues Schn√§ppchen:  Top! Zwei Monate Readly Zeitschriften-Flatrate mit √ºber 5.000 Magazinen kostenlos testen + 5‚Ç¨ Amazon-Gutschein! https://t.co/twNFtawcwz	Siegen, DE	0	0	2021-06-30 06:00:23.039926	readly
1408433117648523264	de	2021-06-25 14:33:17	ACoonred	"@ollinvest ja, meine Frau hat immer so ein ""ich t√∂te dich gleich"" Blick drauf, wenn ich mal n Spruch zum Spass bringe wie: ""sollen wir Readly k√ºndigen oder nutzt Du das wirklich?"""	Europa	1	0	2021-06-30 06:00:23.039938	readly
1408431483438649344	de	2021-06-25 14:26:47	ACoonred	@ollinvest habe ich auch, grad in minus, aber ich finde Readly echt geil (habe n Abo) und bin deshalb ueberzeugt davon.	Europa	1	0	2021-06-30 06:00:23.039949	readly
1408429836926849026	de	2021-06-25 14:20:15	Freakzilla24	@ollinvest Ich nutze Readly sehr lange, eine tolle App, ein super Konzept, aber viel Wachstum sehe ich da irgendwie (noch) nicht‚Ä¶. Es fehlt an m√∂glichen Innovation innerhalb des Systems	Wuppertal 	1	0	2021-06-30 06:00:23.039961	readly
1408422568202227713	de	2021-06-25 13:51:22	ollinvest	"Dann starte ich mal mit der Readly #Aktie.
Investment-Case: digitales Lesen wird weiter wachsen. 
Konkurrenz: fast keine - Amazon und Apple sind nicht vergleichbar
Haltedauer: min. 5 Jahre 
Rendite: m√∂glicher Tenbagger
Kurs: f√ºr mich aktuell ein Kauf 
#fridaysforfuturestocks https://t.co/02BA0nctnU"	Wuppertal, Nordrhein-Westfalen	10	0	2021-06-30 06:00:23.039972	readly
1408422237712138240	en	2021-06-25 13:50:03	bsmeinfo	"Introducing the guest presenters for the BSME Talent Awards 2021, in association with Readly! Helen Brown, head of editorial at Readly. üòÄ

#bsmetalentawards2021 #lifestylejournalism #editorial https://t.co/LSlNuOoKFl"	United Kingdom	0	0	2021-06-30 06:00:23.039983	readly
1408419723998547976	en	2021-06-25 13:40:04	bsmeinfo	"Introducing the guest presenters for the BSME Talent Awards 2021, in association with Readly! Katie Glass is an award-winning columnist and feature writer, whose work has appeared across national publications. üòÄ

#bsmetalentawards2021 #lifestylejournalism #editorial https://t.co/Kbgd67diSK"	United Kingdom	0	0	2021-06-30 06:00:23.039994	readly
1408417279445028867	en	2021-06-25 13:30:21	bsmeinfo	"Introducing the guest presenters for the BSME Talent Awards 2021, in association with Readly! Tim Pollard, Digital Editorial Director of Bauer Media‚Äôs automotive and specialist division in Peterborough. ‚≠êÔ∏è

#bsmetalentawards2021 #lifestylejournalism #editorial https://t.co/ZxM65PKs6E"	United Kingdom	0	0	2021-06-30 06:00:23.040005	readly
1408409957159084035	en	2021-06-25 13:01:15	bsmeinfo	"Introducing the guest presenters for the BSME Talent Awards 2021, in association with Readly! Tim Pollard, Digital Editorial Director of Bauer Media‚Äôs automotive and specialist division in Peterborough. ‚≠êÔ∏è

#bsmetalentawards2021 #lifestylejournalism #editorial https://t.co/gJDHh1BjOz"	United Kingdom	0	0	2021-06-30 06:00:23.040017	readly
1408404623786975234	en	2021-06-25 12:40:03	bsmeinfo	"Introducing the guest presenters for the BSME Talent Awards 2021, in association with Readly!üòÉ Katie Glass is an award-winning columnist and feature writer, whose work has appeared across national publications.

#bsmetalentawards2021 #lifestylejournalism #editorial https://t.co/b3BHGmN6yJ"	United Kingdom	4	0	2021-06-30 06:00:23.040028	readly
1408377389588099075	en	2021-06-25 10:51:50	RuralLifeUK	The Summer Edition of #RuralLife is Now Out! Featuring The New Toyota Highlander Excel our cover and showcases the best of the #countryside. Read either Online for FREE https://t.co/CY2N8mZmQL on Readly: https://t.co/ijrre1JkmJ or in Print: https://t.co/5hP9swrjhd #farming https://t.co/VWr6CV4c4I	South West, England	0	0	2021-06-30 06:00:23.040040	readly
1408376809339695105	en	2021-06-25 10:49:32	The_Gentleman_M	Discover our Interview with #SiliconValley Entrepreneur @michaelbaum CEO &amp; Founder of @vivant_eco Read the full article either in Print: https://t.co/7lnULUxlm5 Online: https://t.co/PTZU9GYLjo  On Readly: https://t.co/i58kAPGSVm or Yumpu News: https://t.co/sfJ0MR0jEc #winelovers https://t.co/D89fpmo6uH	United Kingdom	0	1	2021-06-30 06:00:23.040051	readly
1408374558751592449	sv	2021-06-25 10:40:35	PrepperQ	@Ulwencreutz Jag har l√§st om henne i Svenska √ñden &amp; √Ñventyr i Readly-appen.		1	0	2021-06-30 06:00:23.040063	readly
1408365360160575492	de	2021-06-25 10:04:02	WinFuture	#Readly bietet entspannten App-Zugang zu Lieblings-Lesestoff aus Deutschland und der Welt. WinFuture-Leser k√∂nnen den Zugang zu √ºber 5000 Magazinen und unz√§hlige Zeitungen jetzt kostenlos testen. https://t.co/FM1USA1ve1	Berlin, Germany	1	0	2021-06-30 06:00:23.040074	readly
1408359978587627520	en	2021-06-25 09:42:39	factorlyfiction	"Blankningar:
1. Readly International AB 1.16% (+0.5%)
2. Sinch AB 0% (-0.52%)
3. Spectrumone AB 0.8% (+0.09%)
#finanstwitter #blankningar"	Sverige	0	0	2021-06-30 06:00:23.040086	readly
1408313534744772609	de	2021-06-25 06:38:06	nurdermarcus	@EtienneToGo Ich finds jetzt nicht begeisternd, aber Podcasts sind in den meisten F√§llen kostenlos, also ist es f√ºr mich v√∂llig in Ordnung. Einzige was mich nervt ist, dass alle Podcasts die ich h√∂re die sekben 6-7 werberpartner haben: Korodrogerie, Readly, Hellofresh, Vodafone	Hamburg	0	0	2021-06-30 06:00:23.040097	readly
1408284076314927104	fr	2021-06-25 04:41:03	merlinpapin3	"On souhaite un Bon anniversaire √† la tr√®s jeune #McKennaGrace qui a 15 ans, on peut la voir dans 

Frankenstein
Independence Day ressurgence
Mary
I,Tonya
Readly Player One
Capitaine Marvel

@Jouxplane83 @FredOL69007 https://t.co/YU1BNdOVB0"	Paris, Ile-de-France	6	0	2021-06-30 06:00:23.040108	readly
1408275014575607810	de	2021-06-25 04:05:02	iPadBlog	"Guten Morgen zusammen, schon gelesen? Readly ‚Äì Auf dem iPad mit der Magazin-Flatrate lesen
https://t.co/zLs9SYQ3eT"	Germany	3	0	2021-06-30 06:00:23.040119	readly
1408152336493654019	en	2021-06-24 19:57:33	wrikent3500	"@simmonssteve @bruce_arthur @davehodge20 @MichaelFarber3 #THR article on The Tokyo Olympics #SportsJournalism
https://t.co/USXGzG3GGr"	Boutouche,NB	0	0	2021-06-30 06:00:23.040141	readly
1407879229446889477	en	2021-06-24 01:52:20	theshotdoctor	"Fundamentals 805

Hungarian Angled Skip Shot

When the ball hits the water the sidespin has all readly begun. The hand slipped from the side of the ball with a pinch grip to sliding completely off the ball creating sidespin. https://t.co/qI08VmEK8h"	Orange County, California, USA	0	0	2021-06-30 06:00:24.033442	readly
1407791863898247169	sv	2021-06-23 20:05:10	IanHammar	"Ser fortf detta som potential f√∂r Readly-aktien https://t.co/RqA21qhN4U
Dvs Readlys tj√§nst kan skapa merv√§rde f√∂r Storytels/Spotifys kunder?
Liksom att Storytel/Spotify nu inlett samarb"		0	0	2021-06-30 06:00:24.033465	readly
1407790564951531523	en	2021-06-23 20:00:00	The_Gentleman_M	Discover our Interview with #SiliconValley Entrepreneur @michaelbaum CEO &amp; Founder of @vivant_eco Read the full article either in Print: https://t.co/7lnULUfJXv Online: https://t.co/PTZU9GH9UO  On Readly: https://t.co/i58kAPphwM or Yumpu News: https://t.co/sfJ0MQIIfC #winelovers https://t.co/LB9QBrmBJz	United Kingdom	1	2	2021-06-30 06:00:24.033488	readly
1407789400415780867	sv	2021-06-23 19:55:23	IanHammar	"vs Readly-aktien nu bottenniv√• ca 34 sek
https://t.co/P1ZVkzbqnb"		0	0	2021-06-30 06:00:24.033512	readly
1407789201299550208	en	2021-06-23 19:54:35	IanHammar	"Tbaka till Readly
https://t.co/HMC5ilTJqs"		0	0	2021-06-30 06:00:24.033535	readly
1407785120019386375	sv	2021-06-23 19:38:22	IanHammar	"Tidningsappen Readly
Jag k√∂pt aktier f√∂r ca 44 sek/st i maj 2021
√ñkade p√• ca 37 sek jun 2021
Idag ny botten ca 34 sek (=&gt;b√∂rsv√§rde &gt;1 bsek) 
=&gt;jag la in k√∂porder p√• den kursniv√•n"		0	0	2021-06-30 06:00:24.033557	readly
1407760371256078340	en	2021-06-23 18:00:02	RuralLifeUK	The Summer Edition of #RuralLife is Now Out! Featuring The New Toyota Highlander Excel our cover and showcases the best of the #countryside. Read either Online for FREE https://t.co/CY2N8mZmQL on Readly: https://t.co/ijrre1JkmJ or in Print: https://t.co/5hP9swrjhd #farming https://t.co/Ilyw8Dd5uB	South West, England	0	0	2021-06-30 06:00:24.033580	readly
1407760367644708865	en	2021-06-23 18:00:01	The_Gentleman_M	"Issue 27 of The Gentleman Magazine is now out featuring Michael Baum, CEO &amp; Founder of VIVANT on the cover. It's now available in Print: https://t.co/7lnULUxlm5 Online: https://t.co/PTZU9GYLjo  On Readly: https://t.co/i58kAPGSVm or Yumpu News: https://t.co/sfJ0MR0jEc

#winelovers https://t.co/egAQUNRzqW"	United Kingdom	0	1	2021-06-30 06:00:24.033603	readly
1407746888053497861	en	2021-06-23 17:06:27	freesamplescouk	"üòç Readly Magazine Subscription ‚Äì Enjoy 1 month free
&gt;&gt; https://t.co/yg78VFZVBd

Let us know if it works for you! üëç

üî• 8 brand new freebies to your inbox every day ‚á¢ https://t.co/FxGGPFtFll https://t.co/dm4mXEVDQf"	England, UK	1	0	2021-06-30 06:00:24.033627	readly
1407745324358193166	en	2021-06-23 17:00:14	Motor_Sport	"We are delighted to be partnering with @ReadlyGlobal on a new collection called Readly Retros!

To kick-start this, the first set of magazines will be chosen by former #F1 racing driver, @JensonButton 

Claim your FREE 2 month trial: https://t.co/ETNaQ2xXlq https://t.co/bgFMNrwCfi"	London, England	1	0	2021-06-30 06:00:24.033649	readly
1407745268645130248	en	2021-06-23 17:00:01	RuralLifeUK	Discover the Heights of Abraham within the #Summer edition of #RuralLife now by reading either Online for FREE https://t.co/CY2N8ngXIj on Readly: https://t.co/ijrre20Veh or in Print: https://t.co/5hP9sw9HSD #staycation #Countyside #History #Estate #tourism https://t.co/S6Ih5aVopd	South West, England	0	0	2021-06-30 06:00:24.033672	readly
1407745265746984960	en	2021-06-23 17:00:00	The_Gentleman_M	@TAGHeuer Announces New Brand Ambassador, Basketball Superstar @JimmyButler Find out more in the latest issue which is now available in Print: https://t.co/7lnULUxlm5 Online: https://t.co/PTZU9GYLjo  On Readly: https://t.co/i58kAPGSVm or Yumpu News: https://t.co/sfJ0MR0jEc https://t.co/pd9i5ytE2C	United Kingdom	1	0	2021-06-30 06:00:24.033696	readly
1407730170799149060	en	2021-06-23 16:00:01	The_Gentleman_M	Discover Phantom Orbie:  #Bespoke @rollsroycecars in Collaboration with @Hermes_Paris Find out more in the latest issue that is now available in Print https://t.co/7lnULUfJXv Online https://t.co/PTZU9GH9UO  On Readly: https://t.co/i58kAPphwM or Yumpu News: https://t.co/sfJ0MQIIfC https://t.co/6sG7qhqql5	United Kingdom	0	1	2021-06-30 06:00:24.033718	readly
1407730165849886720	en	2021-06-23 16:00:00	RuralLifeUK	Sustainability, Trees and Eggs. Find out how students of the #Gamekeeping &amp; #Conservation course at @DuchyCollege took part in 'Love our Planet Week' by reading Online for FREE https://t.co/CY2N8ngXIj on Readly https://t.co/ijrre20Veh or in Print: https://t.co/5hP9sw9HSD https://t.co/FI2V4qG323	South West, England	0	1	2021-06-30 06:00:24.033741	readly
1407716334201356289	en	2021-06-23 15:05:02	HUCKmagazine	"Pick up a digital copy of our latest issue and take Huck wherever you go.

Zinio: https://t.co/SwbNyio6eM
Readly: https://t.co/NOZDrvVCRL
Pocketmags: https://t.co/WqtBItL6d5
Apple News+: https://t.co/NBHnKxZHFC https://t.co/eOGahm5xBr"		1	1	2021-06-30 06:00:24.033764	readly
1407715076967129088	en	2021-06-23 15:00:03	RuralLifeUK	Read our review of the new Toyota Highlander Excel within the #Summer issue of #RuralLife - Find our more by reading either Online for FREE https://t.co/CY2N8mZmQL on Readly: https://t.co/ijrre1JkmJ or in Print: https://t.co/5hP9swrjhd #farming #agriculture #Countryside @ToyotaUK https://t.co/LtwP4ZUaMj	South West, England	0	0	2021-06-30 06:00:24.033790	readly
1407715066900848645	en	2021-06-23 15:00:00	The_Gentleman_M	Discover the Big Bang Sang Bleu II: A Trio In Ceramic by @Hublot in the latest edition of The Gentleman Magazine that is now available in Print https://t.co/7lnULUxlm5 Online https://t.co/PTZU9GYLjo  On Readly https://t.co/i58kAPGSVm or Yumpu News https://t.co/sfJ0MR0jEc #Hublot https://t.co/VgNVOxQweJ	United Kingdom	1	0	2021-06-30 06:00:24.033813	readly
1407699979615887366	en	2021-06-23 14:00:03	RuralLifeUK	The Accidental Alpca Breeders! Find out more within the #Summer Issue of #RuralLife now by reading either Online for FREE https://t.co/CY2N8ngXIj on Readly: https://t.co/ijrre20Veh or in Print: https://t.co/5hP9sw9HSD #Farming #agriculture  #Alpacas #farming365 #Countryside https://t.co/nzQLBDnC2s	South West, England	0	0	2021-06-30 06:00:24.033835	readly
1407699977615253506	en	2021-06-23 14:00:03	The_Gentleman_M	Colorsmith Custom at-home Hiar Colour For Men Debutis In the UK. Read more in the latest issue either in Print https://t.co/7lnULUfJXv Online https://t.co/PTZU9GH9UO  On Readly https://t.co/i58kAPphwM or Yumpu News https://t.co/sfJ0MQIIfC https://t.co/t9uCm4Yce0	United Kingdom	0	0	2021-06-30 06:00:24.033858	readly
1407684876023730177	en	2021-06-23 13:00:02	RuralLifeUK	"Discover The Real @DowntonAbbey within the #Summer edition of #RuralLife now by reading either Online for FREE https://t.co/CY2N8ngXIj on Readly: https://t.co/ijrre20Veh or in Print: https://t.co/5hP9sw9HSD #Travel #Countryside
#Staycation #history #estate @HighclereCastle https://t.co/hj8P1X6PDS"	South West, England	0	0	2021-06-30 06:00:24.033881	readly
1407669771571654661	en	2021-06-23 12:00:01	RuralLifeUK	Bovine TB - A Political Disease. Find out more in the latest edition of #RuralLife by reading either Online for FREE https://t.co/CY2N8ngXIj on Readly: https://t.co/ijrre20Veh or in Print: https://t.co/5hP9sw9HSD #farming #bovinetb #Agriculture #Countryside https://t.co/06vU8IFPN2	South West, England	0	1	2021-06-30 06:00:24.033904	readly
1407669768140771333	en	2021-06-23 12:00:00	The_Gentleman_M	Discover the 812 Competizione &amp; 812 Competizione A from @Ferrari within the latest editon of The Gentleman Magazine by reading either in Print https://t.co/7lnULUxlm5 Online https://t.co/PTZU9GYLjo  On Readly https://t.co/i58kAPGSVm or Yumpu News https://t.co/sfJ0MR0jEc #Ferrari https://t.co/PoKVokZagW	United Kingdom	0	0	2021-06-30 06:00:24.033926	readly
1407664590637371401	und	2021-06-23 11:39:26	dichoporescrito	https://t.co/YkWWFO4QqW	San Juan, PR	0	0	2021-06-30 06:00:24.033949	readly
1407662373540798468	en	2021-06-23 11:30:37	desarathan	@ShaikUs66888758 @BJP4Madgao Read the biography of Dr. Shyama Prasad Mukherjee readly available on Google.	Goa 	0	0	2021-06-30 06:00:24.033972	readly
1407661964466216960	und	2021-06-23 11:29:00	hey_cef	https://t.co/FxbEZkmhbv	San Juan, Puerto Rico	0	0	2021-06-30 06:00:24.033994	readly
1407654415486492673	en	2021-06-23 10:59:00	RuralLifeUK	Discover @ChatsworthHouse Gardens in the #Summer edition of Rural Life Magazine now by reading either Online for FREE https://t.co/CY2N8ngXIj on Readly: https://t.co/ijrre20Veh or in Print: https://t.co/5hP9sw9HSD #Estates #Holiday #Travel #staycation #RuralLife #Countryside https://t.co/8ptojDdJku	South West, England	0	0	2021-06-30 06:00:24.034017	readly
1407654415415222272	en	2021-06-23 10:59:00	The_Gentleman_M	Discover Charles Tyrwhitt Spring Collection within the latest issue of The Gentleman Magazine now by reading either  in Print https://t.co/7lnULUfJXv Online https://t.co/PTZU9GH9UO  On Readly https://t.co/i58kAPphwM or Yumpu News https://t.co/sfJ0MQIIfC  #Fashion #luxury https://t.co/MFrReRFbaq	United Kingdom	0	0	2021-06-30 06:00:24.034040	readly
1407642305775996934	de	2021-06-23 10:10:53	CySchneider	"@antibes79 Doch. Zeitschriften. Readly. Monatlich 14.95. 
Eine klassische, digitale Zeitung (NZZ) bekomme ich Berufswegen gesponsert."	iPhone: 47.504418,8.763532	1	0	2021-06-30 06:00:24.034062	readly
1407639578505203713	en	2021-06-23 10:00:02	The_Gentleman_M	Discover the New Royal Oak Offshore Diver Geared For Adventures. Find out more in the latest edition of The Gentleman Magazine now available in Print https://t.co/7lnULUfJXv Online https://t.co/PTZU9GH9UO  On Readly: https://t.co/i58kAPphwM or Yumpu News: https://t.co/sfJ0MQIIfC https://t.co/O57YOuBVIa	United Kingdom	1	0	2021-06-30 06:00:24.034085	readly
1407635579882426370	en	2021-06-23 09:44:09	RuralLifeUK	The Summer Edition of #RuralLife is Now Out! Featuring The New Toyota Highlander Excel our cover and showcases the best of the #countryside. Read either Online for FREE https://t.co/CY2N8mZmQL on Readly: https://t.co/ijrre1JkmJ or in Print: https://t.co/5hP9swrjhd #farming https://t.co/wjAcc1CqV2	South West, England	0	0	2021-06-30 06:00:24.034107	readly
1407629511903023105	en	2021-06-23 09:20:02	MediaweekAUS	"Readly teams up with Motor Sport magazine and F1 star Jenson Button

Read More: https://t.co/sSZQDyDm3A

#AusMedia #AusNews #AusMags @ReadlyGlobal @Motor_Sport https://t.co/Ua0rHL8KAM"	Sydney	1	0	2021-06-30 06:00:24.034130	readly
1407624476351549443	en	2021-06-23 09:00:02	DailyStar_Sport	"EXCLUSIVE: F1 hero Jenson Button says ""monster car"" clinched 2009 win weeks after ""worst ever race""
https://t.co/rur8zJkKQd https://t.co/uWN7Iy3XqL"	United Kingdom	1	0	2021-06-30 06:00:24.034153	readly
1407620544149659651	en	2021-06-23 08:44:24	wonwooworks	HAPPY 20.7M VIEWS READLY TO LOVE !!! https://t.co/BABhEUoRIf	Earth	0	0	2021-06-30 06:00:24.034176	readly
1407610078149197827	en	2021-06-23 08:02:49	mrsalexaturner	@dababycorvette @drawiii @readly @Grammarly what‚Äôd she say??	On Alex‚Äôs bed	0	0	2021-06-30 06:00:24.034198	readly
1407609897940779016	en	2021-06-23 08:02:06	dababycorvette	@mrsalexaturner @drawiii @readly ok ms.jive üòçüòç	prns - she/her	0	0	2021-06-30 06:00:24.034221	readly
1407609785218908167	en	2021-06-23 08:01:39	mrsalexaturner	@dababycorvette @drawiii @readly BITCH HAHAHAHAH- thats for u to learn how to read	On Alex‚Äôs bed	0	0	2021-06-30 06:00:24.034267	readly
1407609232392740866	en	2021-06-23 07:59:27	dababycorvette	@mrsalexaturner @drawiii @readly LMFAOOAOAO IS THAT YO BOYFRIEND??	prns - she/her	0	0	2021-06-30 06:00:24.034290	readly
1407568270161498114	en	2021-06-23 05:16:41	MediaweekAUS	"Readly teams up with Motor Sport magazine and F1 star Jenson Button

Read More: https://t.co/H9mr3BT0W7

#AusMedia #AusNews #AusMags @ReadlyGlobal @Motor_Sport https://t.co/CcszKgBlTV"	Sydney	1	0	2021-06-30 06:00:24.034317	readly
1407184744110968836	en	2021-06-22 03:52:41	AsmrIce	"@PKGtokenbsc PKG Token to the moon , readly good project . Wishing success and growth.
@glamKatyBert 
@Phamhuyen286
 @huyenlel
 @ThanhHuyenVNE
 #PKG #airdrop #bounty #Freecoin #freetoken  #btc #giveaway #Airdrops #BSCGems  #BSC #BEP20 

BSC Address : 0x735C0271Aaa0Ef63aa694037540cA71A3d87d4b7"		0	0	2021-06-30 06:00:24.035165	readly
1407178385080553477	en	2021-06-22 03:27:25	AsmrIce	"@BSCGemzz @PKGtokenbsc BSC Gemz to the moon , readly good project . Wishing success and growth.
@glamKatyBert @Phamhuyen286 @huyenlel @ThanhHuyenVNE 
#PKG #airdrop #bounty #Freecoin #freetoken  #btc #giveaway #Airdrops #BSCGems  #BSC #BEP20 

BSC Address : 0x735C0271Aaa0Ef63aa694037540cA71A3d87d4b7"		0	0	2021-06-30 06:00:24.035186	readly
1407178223587414016	en	2021-06-22 03:26:47	Julia25672343	"Now Readly on stock for sale for only R150 bcos is fathers month...
Contact Julia@064 654 0172 watapp https://t.co/HOi2m5j3qB"		0	0	2021-06-30 06:00:24.035208	readly
1407168661710798854	en	2021-06-22 02:48:47	AsmrIce	"@dolphinsfinance Dolphins Finance to the moon , readly good project . Wishing success and growth .
@glamKatyBert @Phamhuyen286 @huyenlel"		0	0	2021-06-30 06:00:24.035230	readly
1407167861743775757	en	2021-06-22 02:45:36	AsmrIce	"@VoteToken This is readly good project , i've been practicing it .
Wishing success and growth .
@glamKatyBert @Phamhuyen286 @huyenlel 
#Airdrop #BinanceSmartChain  #BNB  #BSC #cryptocurrency  #BTC 

BSC Address : 0x735C0271Aaa0Ef63aa694037540cA71A3d87d4b7"		0	0	2021-06-30 06:00:24.035253	readly
1407158500313157632	en	2021-06-22 02:08:24	IphoneComunist	@gladstein @LuisHasbun @criptobastardo @Bitcoinbeach @Danieldesivar @coryklippsten @milessuter In Brazil we have a law that all public expenses must be transparent and availiable to all citizens. Some are readly availiabke online other you can request. The bad side is that you can check the income of any government employee like my professor. No privacy.		0	0	2021-06-30 06:00:24.035274	readly
1407083030901108743	en	2021-06-21 21:08:31	factorlyfiction	"37. SAAB AB 0.73%
38. Spectrumone AB 0.71%
39. Storytel AB 0.71%
40. MIPS AB 0.7%
41. Nelly Group AB 0.69%
42. Readly International AB 0.66%
43. Essity AB 0.64%
44. LMK Group AB 0.63%
45. Oncopeptides AB 0.62% (5/x)
#finanstwitter #blankningstoppen"	Sverige	1	0	2021-06-30 06:00:24.035295	readly
